sep=;
Office Code;IA Number;National Number;Event Type;Event Date;
NZ;PCT/EP2023/070938;816871;G;;
NZ;PCT/EP2023/065608;817349;G;;
NZ;PCT/EP2023/068443;816876;R;;
NZ;PCT/IB2022/056438;817137;R;;
NZ;PCT/GB2023/051230;816934;R;;
NZ;PCT/EP2023/062589;816801;W;;
NZ;PCT/US2023/024152;816874;W;;
NZ;PCT/CN2023/098264;817040;W;;
NZ;PCT/US2023/068586;816855;C;;
NZ;PCT/US2023/022681;817291;C;;
NZ;PCT/US2023/073033;817449;D;;
NZ;PCT/US2023/024721;817080;D;;
NZ;PCT/EP2023/063424;816898;D;;
NZ;PCT/EP2023/063472;816883;G;;
NZ;PCT/AU2022/050817;816901;G;;
NZ;PCT/US2023/024944;817032;G;;
NZ;PCT/EP2023/066436;816433;R;;
NZ;PCT/US2023/021060;816587;R;;
NZ;PCT/US2023/067918;817151;R;;
NZ;PCT/US2023/068806;816903;W;;
NZ;PCT/EP2023/066647;817324;W;;
NZ;PCT/US2023/069102;817412;C;;
NZ;PCT/US2023/068925;817239;C;;
NZ;PCT/AU2023/050488;816977;C;;
NZ;PCT/US2023/023770;816712;D;;
NZ;PCT/IB2023/054501;816705;D;;
NZ;PCT/EP2023/064122;817052;D;;
NZ;PCT/US2023/023586;816849;G;;
NZ;PCT/US2023/070306;816882;G;;
NZ;PCT/US2023/067064;817192;G;;
NZ;PCT/EP2023/062404;816820;R;;
NZ;PCT/US2023/068555;817328;R;;
NZ;PCT/AU2023/050470;817417;W;;
NZ;PCT/US2021/022322;817031;W;;
NZ;PCT/EP2023/068805;816985;W;;
NZ;PCT/IB2023/054777;816769;C;;
NZ;PCT/EP2023/065236;817228;C;;
NZ;PCT/US2023/026527;817070;C;;
NZ;PCT/GB2023/051393;816828;D;;
NZ;PCT/NZ2023/050056;817276;D;;
NZ;PCT/US2023/024711;817101;C;;
NZ;PCT/US2023/021153;816936;D;;
NZ;PCT/US2023/069968;817323;D;;
NZ;PCT/CN2023/098081;816973;G;;
NZ;PCT/US2023/027741;817376;G;;
NZ;PCT/IB2023/056611;816867;R;;
NZ;PCT/US2023/027420;816815;R;;
NZ;PCT/US2023/068426;817078;R;;
NZ;PCT/CN2023/098076;816847;W;;
NZ;PCT/NZ2023/050060;816866;W;;
NZ;PCT/IB2023/056513;817200;W;;
NZ;PCT/EP2023/062499;817028;C;;
NZ;PCT/US2023/025987;817318;C;;
NZ;PCT/US2023/025386;817385;D;;
NZ;PCT/US2023/024679;817041;D;;
NZ;PCT/US2023/068486;816989;D;;
NZ;PCT/IL2023/050449;816739;G;;
NZ;PCT/EP2023/072293;817202;G;;
NZ;PCT/KR2023/008062;817111;G;;
NZ;PCT/AU2023/050609;817342;R;;
NZ;PCT/EP2023/065438;817011;R;;
NZ;PCT/US2023/069124;817201;R;;
NZ;PCT/US2023/067250;816852;W;;
NZ;PCT/US2023/067487;817357;W;;
NZ;PCT/GB2023/051229;816857;C;;
NZ;PCT/US2023/022390;817130;C;;
NZ;PCT/US2023/069448;817007;C;;
NZ;PCT/AU2023/050526;816833;D;;
NZ;PCT/EP2023/065588;816859;D;;
NZ;PCT/EP2023/063538;817157;D;;
NZ;PCT/FI2023/050413;816738;G;;
NZ;PCT/US2023/024898;817123;G;;
NZ;PCT/US2023/022733;817206;G;;
NZ;PCT/AU2023/050384;817008;R;;
NZ;PCT/US2023/025780;817354;R;;
NZ;PCT/IB2023/056626;816862;W;;
NZ;PCT/US2022/033213;816842;W;;
NZ;PCT/US2023/067008;817034;W;;
NZ;PCT/US2023/068310;816827;C;;
NZ;PCT/US2023/068329;816834;C;;
NZ;PCT/SE2023/050642;817195;W;;
NZ;PCT/EP2023/067403;817064;W;;
NZ;PCT/US2023/021180;816188;C;;
NZ;PCT/JP2023/022590;817069;C;;
NZ;PCT/EP2023/065235;817121;C;;
NZ;PCT/JP2023/021761;816885;D;;
NZ;PCT/US2023/026994;817359;D;;
NZ;PCT/CN2023/101302;817409;G;;
NZ;PCT/US2023/026528;817068;G;;
NZ;PCT/EP2023/071118;817421;G;;
NZ;PCT/AU2023/050482;816717;R;;
NZ;PCT/AU2023/050641;817275;R;;
NZ;PCT/AU2023/050454;817122;R;;
NZ;PCT/GB2023/051401;816752;W;;
NZ;PCT/JP2023/021978;817150;W;;
NZ;PCT/CN2024/095625;817227;W;;
NZ;PCT/US2023/067915;817113;C;;
NZ;PCT/US2023/069857;817366;C;;
NZ;PCT/JP2023/020924;816884;D;;
NZ;PCT/CZ2023/050037;817050;D;;
NZ;PCT/EP2023/068080;817035;D;;
NZ;PCT/US2023/027009;816802;G;;
NZ;PCT/US2023/024073;816719;G;;
NZ;PCT/IB2023/057033;817110;G;;
NZ;PCT/US2023/069410;816832;R;;
NZ;PCT/US2023/027438;817176;R;;
NZ;PCT/SE2023/050643;817197;R;;
NZ;PCT/CN2023/103576;817128;W;;
NZ;PCT/KR2023/006480;816893;W;;
NZ;PCT/KR2023/009159;816324;C;;
NZ;PCT/CN2023/111270;816840;C;;
NZ;PCT/US2023/068408;817086;C;;
NZ;PCT/US2023/068821;817317;D;;
NZ;PCT/ES2023/070416;816935;D;;
NZ;PCT/CN2023/100225;817165;D;;
NZ;PCT/US2023/066349;816713;G;;
NZ;PCT/US2023/069704;817390;G;;
NZ;PCT/US2023/027456;817248;G;;
NZ;PCT/EP2023/069447;816835;R;;
NZ;PCT/CN2023/101761;817391;R;;
NZ;PCT/CN2023/098011;816766;W;;
NZ;PCT/EP2023/069483;817193;R;;
NZ;PCT/EP2023/065558;817457;R;;
NZ;PCT/GB2023/051260;816569;W;;
NZ;PCT/GB2023/051183;816814;W;;
NZ;PCT/US2023/067220;817114;W;;
NZ;PCT/US2023/022104;816760;C;;
NZ;PCT/US2023/025457;817188;C;;
NZ;PCT/EP2023/063844;817243;C;;
NZ;PCT/DK2023/050124;816698;D;;
NZ;PCT/US2022/033379;816843;D;;
NZ;PCT/US2023/025389;817399;G;;
NZ;PCT/EP2023/065991;817236;G;;
NZ;PCT/EP2023/064749;816886;G;;
NZ;PCT/US2023/022990;816680;R;;
NZ;PCT/EP2023/062066;816853;R;;
NZ;PCT/AU2023/050582;817038;R;;
NZ;PCT/CA2023/050660;816715;W;;
NZ;PCT/IB2023/056049;817420;W;;
NZ;PCT/KR2023/000398;817270;W;;
NZ;PCT/EP2023/064873;817039;C;;
NZ;PCT/EP2023/067803;817403;C;;
NZ;PCT/CN2023/098030;816800;D;;
NZ;PCT/US2023/067432;817274;D;;
NZ;PCT/IB2023/000535;817115;D;;
NZ;PCT/EP2023/069087;816725;G;;
NZ;PCT/US2022/035254;817075;G;;
NZ;PCT/JP2023/018892;817055;G;;
NZ;PCT/AU2023/050490;816793;R;;
NZ;PCT/US2023/025385;817402;R;;
NZ;PCT/US2023/069801;817388;W;;
NZ;PCT/US2023/023445;816971;W;;
NZ;PCT/AU2023/050619;817429;W;;
NZ;PCT/AU2023/050395;816757;C;;
NZ;PCT/US2023/065519;817336;C;;
NZ;PCT/NO2023/050089;817126;C;;
NZ;PCT/IB2023/055901;816682;D;;
NZ;PCT/EP2023/064950;817162;D;;
NZ;PCT/EP2023/069505;817234;D;;
NZ;PCT/IB2023/056152;816818;G;;
NZ;PCT/IB2023/000312;817229;G;;
NZ;PCT/CN2023/099158;817396;R;;
NZ;PCT/US2023/022098;816771;G;;
NZ;PCT/IB2023/056283;817296;G;;
NZ;PCT/US2023/026769;817407;R;;
NZ;PCT/NO2023/060008;817254;R;;
NZ;PCT/EP2023/068358;816983;R;;
NZ;PCT/US2023/021150;816773;W;;
NZ;PCT/EP2023/067805;817273;W;;
NZ;PCT/US2023/066825;816945;W;;
NZ;PCT/US2023/068956;816821;C;;
NZ;PCT/GB2023/051494;817422;C;;
NZ;PCT/AU2023/050473;817351;D;;
NZ;PCT/US2023/027654;817085;D;;
NZ;PCT/EP2023/069513;817453;D;;
NZ;PCT/US2023/026081;816848;G;;
NZ;PCT/US2023/068006;817074;G;;
NZ;PCT/GB2023/051612;816896;G;;
NZ;PCT/EP2023/055328;816806;R;;
NZ;PCT/GB2023/051668;817338;R;;
NZ;PCT/CN2023/098241;816992;R;;
NZ;PCT/EP2023/067939;816869;W;;
NZ;PCT/IB2023/000335;817315;W;;
NZ;PCT/US2023/076475;817433;C;;
NZ;PCT/SE2023/050644;817198;C;;
NZ;PCT/GB2023/051489;817415;C;;
NZ;PCT/EP2023/063379;816811;D;;
NZ;PCT/CN2023/099146;816823;D;;
NZ;PCT/JP2022/022273;817146;D;;
NZ;PCT/US2023/069132;816817;G;;
NZ;PCT/US2023/066436;816714;G;;
NZ;PCT/US2023/028124;817231;G;;
NZ;PCT/US2023/067927;816899;R;;
NZ;PCT/ES2023/070358;817303;R;;
NZ;PCT/US2023/026140;817168;W;;
NZ;PCT/EP2023/064065;817230;W;;
NZ;PCT/AU2023/050469;816941;W;;
NZ;PCT/US2023/023057;816792;C;;
NZ;PCT/CN2023/103952;816873;C;;
NZ;PCT/EP2023/062453;817026;C;;
NZ;PCT/IB2023/054969;816740;D;;
NZ;PCT/US2023/069334;817458;D;;
NZ;PCT/EP2023/072377;817277;D;;
NZ;PCT/US2023/022681;817291;D;;
NZ;PCT/NZ2023/050052;816044;G;;
NZ;PCT/CN2022/107593;817361;G;;
NZ;PCT/EP2023/063472;816883;R;;
NZ;PCT/AU2022/050817;816901;R;;
NZ;PCT/US2023/024944;817032;R;;
NZ;PCT/EP2023/066436;816433;W;;
NZ;PCT/US2023/021060;816587;W;;
NZ;PCT/US2023/067918;817151;W;;
NZ;PCT/US2023/068806;816903;C;;
NZ;PCT/EP2023/066647;817324;C;;
NZ;PCT/US2023/069102;817412;D;;
NZ;PCT/US2023/068925;817239;D;;
NZ;PCT/AU2023/050488;816977;D;;
NZ;PCT/IB2023/056620;816861;G;;
NZ;PCT/NL2023/050273;817257;G;;
NZ;PCT/EP2023/069299;817147;G;;
NZ;PCT/US2023/023586;816849;R;;
NZ;PCT/US2023/070306;816882;R;;
NZ;PCT/US2023/067064;817192;R;;
NZ;PCT/EP2023/062404;816820;W;;
NZ;PCT/US2023/068555;817328;W;;
NZ;PCT/AU2023/050470;817417;C;;
NZ;PCT/US2021/022322;817031;C;;
NZ;PCT/EP2023/068805;816985;C;;
NZ;PCT/IB2023/054777;816769;D;;
NZ;PCT/EP2023/065236;817228;D;;
NZ;PCT/US2023/026527;817070;D;;
NZ;PCT/EP2023/067952;817329;G;;
NZ;PCT/CN2023/099267;816972;G;;
NZ;PCT/GB2023/051292;817094;G;;
NZ;PCT/EP2023/070938;816871;R;;
NZ;PCT/EP2023/065608;817349;R;;
NZ;PCT/EP2023/068443;816876;W;;
NZ;PCT/IB2022/056438;817137;W;;
NZ;PCT/GB2023/051230;816934;W;;
NZ;PCT/EP2023/062589;816801;C;;
NZ;PCT/US2023/024152;816874;C;;
NZ;PCT/CN2023/098264;817040;C;;
NZ;PCT/US2023/068586;816855;D;;
NZ;PCT/NZ2023/050060;816866;C;;
NZ;PCT/IB2023/056513;817200;C;;
NZ;PCT/EP2023/062499;817028;D;;
NZ;PCT/US2023/025987;817318;D;;
NZ;PCT/EP2023/062582;816812;G;;
NZ;PCT/US2023/074061;817387;G;;
NZ;PCT/IL2023/050449;816739;R;;
NZ;PCT/EP2023/072293;817202;R;;
NZ;PCT/KR2023/008062;817111;R;;
NZ;PCT/AU2023/050609;817342;W;;
NZ;PCT/EP2023/065438;817011;W;;
NZ;PCT/US2023/069124;817201;W;;
NZ;PCT/US2023/067250;816852;C;;
NZ;PCT/US2023/067487;817357;C;;
NZ;PCT/GB2023/051229;816857;D;;
NZ;PCT/US2023/022390;817130;D;;
NZ;PCT/US2023/069448;817007;D;;
NZ;PCT/CN2023/094714;816799;G;;
NZ;PCT/US2023/027013;817314;G;;
NZ;PCT/CA2023/050698;817119;G;;
NZ;PCT/FI2023/050413;816738;R;;
NZ;PCT/US2023/024898;817123;R;;
NZ;PCT/US2023/022733;817206;R;;
NZ;PCT/AU2023/050384;817008;W;;
NZ;PCT/US2023/025780;817354;W;;
NZ;PCT/IB2023/056626;816862;C;;
NZ;PCT/US2022/033213;816842;C;;
NZ;PCT/US2023/067008;817034;C;;
NZ;PCT/US2023/068310;816827;D;;
NZ;PCT/US2023/068329;816834;D;;
NZ;PCT/US2023/024711;817101;D;;
NZ;PCT/EP2023/071064;816836;G;;
NZ;PCT/NZ2023/050082;817143;G;;
NZ;PCT/SE2023/050641;817189;G;;
NZ;PCT/CN2023/098081;816973;R;;
NZ;PCT/US2023/027741;817376;R;;
NZ;PCT/IB2023/056611;816867;W;;
NZ;PCT/US2023/027420;816815;W;;
NZ;PCT/US2023/068426;817078;W;;
NZ;PCT/CN2023/098076;816847;C;;
NZ;PCT/AU2023/050482;816717;W;;
NZ;PCT/AU2023/050641;817275;W;;
NZ;PCT/AU2023/050454;817122;W;;
NZ;PCT/GB2023/051401;816752;C;;
NZ;PCT/JP2023/021978;817150;C;;
NZ;PCT/CN2024/095625;817227;C;;
NZ;PCT/US2023/067915;817113;D;;
NZ;PCT/US2023/069857;817366;D;;
NZ;PCT/US2023/070897;817330;G;;
NZ;PCT/US2023/068831;817186;G;;
NZ;PCT/US2023/025384;817374;G;;
NZ;PCT/US2023/027009;816802;R;;
NZ;PCT/US2023/024073;816719;R;;
NZ;PCT/IB2023/057033;817110;R;;
NZ;PCT/US2023/069410;816832;W;;
NZ;PCT/US2023/027438;817176;W;;
NZ;PCT/SE2023/050643;817197;W;;
NZ;PCT/CN2023/103576;817128;C;;
NZ;PCT/KR2023/006480;816893;C;;
NZ;PCT/KR2023/009159;816324;D;;
NZ;PCT/CN2023/111270;816840;D;;
NZ;PCT/US2023/068408;817086;D;;
NZ;PCT/DK2023/050129;816716;G;;
NZ;PCT/IB2023/056622;816845;G;;
NZ;PCT/EP2023/072376;817148;G;;
NZ;PCT/US2023/066349;816713;R;;
NZ;PCT/US2023/069704;817390;R;;
NZ;PCT/US2023/027456;817248;R;;
NZ;PCT/EP2023/069447;816835;W;;
NZ;PCT/CN2023/101761;817391;W;;
NZ;PCT/CN2023/098011;816766;C;;
NZ;PCT/SE2023/050642;817195;C;;
NZ;PCT/EP2023/067403;817064;C;;
NZ;PCT/US2023/021180;816188;D;;
NZ;PCT/JP2023/022590;817069;D;;
NZ;PCT/EP2023/065235;817121;D;;
NZ;PCT/GB2023/051492;816786;G;;
NZ;PCT/NO2023/060015;817441;G;;
NZ;PCT/CN2023/101302;817409;R;;
NZ;PCT/US2023/026528;817068;R;;
NZ;PCT/EP2023/071118;817421;R;;
NZ;PCT/US2023/023949;817322;G;;
NZ;PCT/US2023/025389;817399;R;;
NZ;PCT/EP2023/065991;817236;R;;
NZ;PCT/EP2023/064749;816886;R;;
NZ;PCT/US2023/022990;816680;W;;
NZ;PCT/EP2023/062066;816853;W;;
NZ;PCT/AU2023/050582;817038;W;;
NZ;PCT/CA2023/050660;816715;C;;
NZ;PCT/IB2023/056049;817420;C;;
NZ;PCT/KR2023/000398;817270;C;;
NZ;PCT/EP2023/064873;817039;D;;
NZ;PCT/EP2023/067803;817403;D;;
NZ;PCT/US2023/068832;817368;G;;
NZ;PCT/US2023/070016;817284;G;;
NZ;PCT/AU2023/050583;816978;G;;
NZ;PCT/EP2023/069087;816725;R;;
NZ;PCT/US2022/035254;817075;R;;
NZ;PCT/JP2023/018892;817055;R;;
NZ;PCT/AU2023/050490;816793;W;;
NZ;PCT/US2023/025385;817402;W;;
NZ;PCT/US2023/069801;817388;C;;
NZ;PCT/US2023/023445;816971;C;;
NZ;PCT/AU2023/050619;817429;C;;
NZ;PCT/AU2023/050395;816757;D;;
NZ;PCT/US2023/065519;817336;D;;
NZ;PCT/NO2023/050089;817126;D;;
NZ;PCT/IB2023/054044;816797;G;;
NZ;PCT/US2023/024723;817252;G;;
NZ;PCT/CN2023/102500;816991;G;;
NZ;PCT/IB2023/056152;816818;R;;
NZ;PCT/IB2023/000312;817229;R;;
NZ;PCT/CN2023/099158;817396;W;;
NZ;PCT/EP2023/069483;817193;W;;
NZ;PCT/EP2023/065558;817457;W;;
NZ;PCT/GB2023/051260;816569;C;;
NZ;PCT/GB2023/051183;816814;C;;
NZ;PCT/US2023/067220;817114;C;;
NZ;PCT/US2023/022104;816760;D;;
NZ;PCT/US2023/025457;817188;D;;
NZ;PCT/EP2023/063844;817243;D;;
NZ;PCT/US2023/069331;816858;G;;
NZ;PCT/US2023/067013;817124;G;;
NZ;PCT/GB2023/051298;817205;G;;
NZ;PCT/US2023/026081;816848;R;;
NZ;PCT/US2023/068006;817074;R;;
NZ;PCT/GB2023/051612;816896;R;;
NZ;PCT/EP2023/055328;816806;W;;
NZ;PCT/GB2023/051668;817338;W;;
NZ;PCT/CN2023/098241;816992;W;;
NZ;PCT/EP2023/067939;816869;C;;
NZ;PCT/IB2023/000335;817315;C;;
NZ;PCT/US2023/076475;817433;D;;
NZ;PCT/SE2023/050644;817198;D;;
NZ;PCT/GB2023/051489;817415;D;;
NZ;PCT/US2023/023307;816877;G;;
NZ;PCT/US2023/024617;817037;G;;
NZ;PCT/US2023/067996;817013;G;;
NZ;PCT/US2023/069132;816817;R;;
NZ;PCT/US2023/066436;816714;R;;
NZ;PCT/US2023/028124;817231;R;;
NZ;PCT/US2023/067927;816899;W;;
NZ;PCT/ES2023/070358;817303;W;;
NZ;PCT/US2023/026140;817168;C;;
NZ;PCT/EP2023/064065;817230;C;;
NZ;PCT/AU2023/050469;816941;C;;
NZ;PCT/US2023/023057;816792;D;;
NZ;PCT/CN2023/103952;816873;D;;
NZ;PCT/EP2023/062453;817026;D;;
NZ;PCT/EP2023/067987;816816;G;;
NZ;PCT/EP2023/070918;816872;G;;
NZ;PCT/US2023/068665;817187;G;;
NZ;PCT/US2023/022098;816771;R;;
NZ;PCT/IB2023/056283;817296;R;;
NZ;PCT/US2023/026769;817407;W;;
NZ;PCT/NO2023/060008;817254;W;;
NZ;PCT/EP2023/068358;816983;W;;
NZ;PCT/US2023/021150;816773;C;;
NZ;PCT/EP2023/067805;817273;C;;
NZ;PCT/US2023/066825;816945;C;;
NZ;PCT/US2023/068956;816821;D;;
NZ;PCT/GB2023/051494;817422;D;;
NZ;PCT/US2023/068806;816903;D;;
NZ;PCT/EP2023/066647;817324;D;;
NZ;PCT/US2023/068298;817116;G;;
NZ;PCT/US2023/026331;817375;G;;
NZ;PCT/IB2023/056620;816861;R;;
NZ;PCT/NL2023/050273;817257;R;;
NZ;PCT/EP2023/069299;817147;R;;
NZ;PCT/US2023/023586;816849;W;;
NZ;PCT/US2023/070306;816882;W;;
NZ;PCT/US2023/067064;817192;W;;
NZ;PCT/EP2023/062404;816820;C;;
NZ;PCT/US2023/068555;817328;C;;
NZ;PCT/AU2023/050470;817417;D;;
NZ;PCT/US2021/022322;817031;D;;
NZ;PCT/EP2023/068805;816985;D;;
NZ;PCT/CN2023/096076;816516;G;;
NZ;PCT/EP2023/066817;817145;G;;
NZ;PCT/JP2023/021735;817058;G;;
NZ;PCT/EP2023/067952;817329;R;;
NZ;PCT/CN2023/099267;816972;R;;
NZ;PCT/GB2023/051292;817094;R;;
NZ;PCT/EP2023/070938;816871;W;;
NZ;PCT/EP2023/065608;817349;W;;
NZ;PCT/EP2023/068443;816876;C;;
NZ;PCT/IB2022/056438;817137;C;;
NZ;PCT/GB2023/051230;816934;C;;
NZ;PCT/EP2023/062589;816801;D;;
NZ;PCT/US2023/024152;816874;D;;
NZ;PCT/CN2023/098264;817040;D;;
NZ;PCT/CN2023/091259;816564;G;;
NZ;PCT/US2023/024956;817120;G;;
NZ;PCT/AU2023/050562;817203;G;;
NZ;PCT/NZ2023/050052;816044;R;;
NZ;PCT/CN2022/107593;817361;R;;
NZ;PCT/EP2023/063472;816883;W;;
NZ;PCT/AU2022/050817;816901;W;;
NZ;PCT/US2023/024944;817032;W;;
NZ;PCT/EP2023/066436;816433;C;;
NZ;PCT/US2023/021060;816587;C;;
NZ;PCT/US2023/067918;817151;C;;
NZ;PCT/KR2023/008062;817111;W;;
NZ;PCT/AU2023/050609;817342;C;;
NZ;PCT/EP2023/065438;817011;C;;
NZ;PCT/US2023/069124;817201;C;;
NZ;PCT/US2023/067250;816852;D;;
NZ;PCT/US2023/067487;817357;D;;
NZ;PCT/CN2023/098246;817042;G;;
NZ;PCT/US2023/068828;817362;G;;
NZ;PCT/CN2023/094714;816799;R;;
NZ;PCT/US2023/027013;817314;R;;
NZ;PCT/CA2023/050698;817119;R;;
NZ;PCT/FI2023/050413;816738;W;;
NZ;PCT/US2023/024898;817123;W;;
NZ;PCT/US2023/022733;817206;W;;
NZ;PCT/AU2023/050384;817008;C;;
NZ;PCT/US2023/025780;817354;C;;
NZ;PCT/IB2023/056626;816862;D;;
NZ;PCT/US2022/033213;816842;D;;
NZ;PCT/US2023/067008;817034;D;;
NZ;PCT/JP2023/025527;816798;G;;
NZ;PCT/JP2023/024180;816689;G;;
NZ;PCT/US2023/067919;817129;G;;
NZ;PCT/EP2023/071064;816836;R;;
NZ;PCT/NZ2023/050082;817143;R;;
NZ;PCT/SE2023/050641;817189;R;;
NZ;PCT/CN2023/098081;816973;W;;
NZ;PCT/US2023/027741;817376;W;;
NZ;PCT/IB2023/056611;816867;C;;
NZ;PCT/US2023/027420;816815;C;;
NZ;PCT/US2023/068426;817078;C;;
NZ;PCT/CN2023/098076;816847;D;;
NZ;PCT/NZ2023/050060;816866;D;;
NZ;PCT/IB2023/056513;817200;D;;
NZ;PCT/US2023/021812;816841;G;;
NZ;PCT/US2023/069358;817271;G;;
NZ;PCT/US2023/024719;817079;G;;
NZ;PCT/EP2023/062582;816812;R;;
NZ;PCT/US2023/074061;817387;R;;
NZ;PCT/IL2023/050449;816739;W;;
NZ;PCT/EP2023/072293;817202;W;;
NZ;PCT/US2023/068831;817186;R;;
NZ;PCT/US2023/025384;817374;R;;
NZ;PCT/US2023/027009;816802;W;;
NZ;PCT/US2023/024073;816719;W;;
NZ;PCT/IB2023/057033;817110;W;;
NZ;PCT/US2023/069410;816832;C;;
NZ;PCT/US2023/027438;817176;C;;
NZ;PCT/SE2023/050643;817197;C;;
NZ;PCT/CN2023/103576;817128;D;;
NZ;PCT/KR2023/006480;816893;D;;
NZ;PCT/US2023/073033;817449;G;;
NZ;PCT/US2023/024721;817080;G;;
NZ;PCT/EP2023/063424;816898;G;;
NZ;PCT/DK2023/050129;816716;R;;
NZ;PCT/IB2023/056622;816845;R;;
NZ;PCT/EP2023/072376;817148;R;;
NZ;PCT/US2023/066349;816713;W;;
NZ;PCT/US2023/069704;817390;W;;
NZ;PCT/US2023/027456;817248;W;;
NZ;PCT/EP2023/069447;816835;C;;
NZ;PCT/CN2023/101761;817391;C;;
NZ;PCT/CN2023/098011;816766;D;;
NZ;PCT/SE2023/050642;817195;D;;
NZ;PCT/EP2023/067403;817064;D;;
NZ;PCT/US2023/023770;816712;G;;
NZ;PCT/IB2023/054501;816705;G;;
NZ;PCT/EP2023/064122;817052;G;;
NZ;PCT/GB2023/051492;816786;R;;
NZ;PCT/NO2023/060015;817441;R;;
NZ;PCT/CN2023/101302;817409;W;;
NZ;PCT/US2023/026528;817068;W;;
NZ;PCT/EP2023/071118;817421;W;;
NZ;PCT/AU2023/050482;816717;C;;
NZ;PCT/AU2023/050641;817275;C;;
NZ;PCT/AU2023/050454;817122;C;;
NZ;PCT/GB2023/051401;816752;D;;
NZ;PCT/JP2023/021978;817150;D;;
NZ;PCT/CN2024/095625;817227;D;;
NZ;PCT/GB2023/051393;816828;G;;
NZ;PCT/NZ2023/050056;817276;G;;
NZ;PCT/US2023/070897;817330;R;;
NZ;PCT/US2023/021153;816936;G;;
NZ;PCT/US2023/069968;817323;G;;
NZ;PCT/US2023/068832;817368;R;;
NZ;PCT/US2023/070016;817284;R;;
NZ;PCT/AU2023/050583;816978;R;;
NZ;PCT/EP2023/069087;816725;W;;
NZ;PCT/US2022/035254;817075;W;;
NZ;PCT/JP2023/018892;817055;W;;
NZ;PCT/AU2023/050490;816793;C;;
NZ;PCT/US2023/025385;817402;C;;
NZ;PCT/US2023/069801;817388;D;;
NZ;PCT/US2023/023445;816971;D;;
NZ;PCT/AU2023/050619;817429;D;;
NZ;PCT/US2023/025386;817385;G;;
NZ;PCT/US2023/024679;817041;G;;
NZ;PCT/US2023/068486;816989;G;;
NZ;PCT/IB2023/054044;816797;R;;
NZ;PCT/US2023/024723;817252;R;;
NZ;PCT/CN2023/102500;816991;R;;
NZ;PCT/IB2023/056152;816818;W;;
NZ;PCT/IB2023/000312;817229;W;;
NZ;PCT/CN2023/099158;817396;C;;
NZ;PCT/EP2023/069483;817193;C;;
NZ;PCT/EP2023/065558;817457;C;;
NZ;PCT/GB2023/051260;816569;D;;
NZ;PCT/GB2023/051183;816814;D;;
NZ;PCT/US2023/067220;817114;D;;
NZ;PCT/AU2023/050526;816833;G;;
NZ;PCT/EP2023/065588;816859;G;;
NZ;PCT/EP2023/063538;817157;G;;
NZ;PCT/US2023/069331;816858;R;;
NZ;PCT/US2023/023949;817322;R;;
NZ;PCT/US2023/025389;817399;W;;
NZ;PCT/EP2023/065991;817236;W;;
NZ;PCT/EP2023/064749;816886;W;;
NZ;PCT/US2023/022990;816680;C;;
NZ;PCT/EP2023/062066;816853;C;;
NZ;PCT/AU2023/050582;817038;C;;
NZ;PCT/CA2023/050660;816715;D;;
NZ;PCT/IB2023/056049;817420;D;;
NZ;PCT/KR2023/000398;817270;D;;
NZ;PCT/JP2023/021761;816885;G;;
NZ;PCT/US2023/026994;817359;G;;
NZ;PCT/US2023/023307;816877;R;;
NZ;PCT/US2023/024617;817037;R;;
NZ;PCT/US2023/067996;817013;R;;
NZ;PCT/US2023/069132;816817;W;;
NZ;PCT/US2023/066436;816714;W;;
NZ;PCT/US2023/028124;817231;W;;
NZ;PCT/US2023/067927;816899;C;;
NZ;PCT/ES2023/070358;817303;C;;
NZ;PCT/US2023/026140;817168;D;;
NZ;PCT/EP2023/064065;817230;D;;
NZ;PCT/AU2023/050469;816941;D;;
NZ;PCT/JP2023/020924;816884;G;;
NZ;PCT/CZ2023/050037;817050;G;;
NZ;PCT/EP2023/068080;817035;G;;
NZ;PCT/EP2023/067987;816816;R;;
NZ;PCT/EP2023/070918;816872;R;;
NZ;PCT/US2023/068665;817187;R;;
NZ;PCT/US2023/022098;816771;W;;
NZ;PCT/IB2023/056283;817296;W;;
NZ;PCT/US2023/026769;817407;C;;
NZ;PCT/NO2023/060008;817254;C;;
NZ;PCT/EP2023/068358;816983;C;;
NZ;PCT/US2023/021150;816773;D;;
NZ;PCT/EP2023/067805;817273;D;;
NZ;PCT/US2023/066825;816945;D;;
NZ;PCT/US2023/068821;817317;G;;
NZ;PCT/ES2023/070416;816935;G;;
NZ;PCT/CN2023/100225;817165;G;;
NZ;PCT/US2023/067013;817124;R;;
NZ;PCT/GB2023/051298;817205;R;;
NZ;PCT/US2023/026081;816848;W;;
NZ;PCT/US2023/068006;817074;W;;
NZ;PCT/GB2023/051612;816896;W;;
NZ;PCT/EP2023/055328;816806;C;;
NZ;PCT/GB2023/051668;817338;C;;
NZ;PCT/CN2023/098241;816992;C;;
NZ;PCT/EP2023/067939;816869;D;;
NZ;PCT/IB2023/000335;817315;D;;
NZ;PCT/US2023/070306;816882;C;;
NZ;PCT/US2023/067064;817192;C;;
NZ;PCT/EP2023/062404;816820;D;;
NZ;PCT/US2023/068555;817328;D;;
NZ;PCT/DK2023/050124;816698;G;;
NZ;PCT/US2022/033379;816843;G;;
NZ;PCT/CN2023/096076;816516;R;;
NZ;PCT/EP2023/066817;817145;R;;
NZ;PCT/JP2023/021735;817058;R;;
NZ;PCT/EP2023/067952;817329;W;;
NZ;PCT/CN2023/099267;816972;W;;
NZ;PCT/GB2023/051292;817094;W;;
NZ;PCT/EP2023/070938;816871;C;;
NZ;PCT/EP2023/065608;817349;C;;
NZ;PCT/EP2023/068443;816876;D;;
NZ;PCT/IB2022/056438;817137;D;;
NZ;PCT/GB2023/051230;816934;D;;
NZ;PCT/CN2023/098030;816800;G;;
NZ;PCT/US2023/067432;817274;G;;
NZ;PCT/IB2023/000535;817115;G;;
NZ;PCT/CN2023/091259;816564;R;;
NZ;PCT/US2023/024956;817120;R;;
NZ;PCT/AU2023/050562;817203;R;;
NZ;PCT/NZ2023/050052;816044;W;;
NZ;PCT/CN2022/107593;817361;W;;
NZ;PCT/EP2023/063472;816883;C;;
NZ;PCT/AU2022/050817;816901;C;;
NZ;PCT/US2023/024944;817032;C;;
NZ;PCT/EP2023/066436;816433;D;;
NZ;PCT/US2023/021060;816587;D;;
NZ;PCT/US2023/067918;817151;D;;
NZ;PCT/IB2023/055901;816682;G;;
NZ;PCT/EP2023/064950;817162;G;;
NZ;PCT/EP2023/069505;817234;G;;
NZ;PCT/US2023/068298;817116;R;;
NZ;PCT/US2023/026331;817375;R;;
NZ;PCT/IB2023/056620;816861;W;;
NZ;PCT/NL2023/050273;817257;W;;
NZ;PCT/EP2023/069299;817147;W;;
NZ;PCT/US2023/023586;816849;C;;
NZ;PCT/CN2023/094714;816799;W;;
NZ;PCT/US2023/027013;817314;W;;
NZ;PCT/CA2023/050698;817119;W;;
NZ;PCT/FI2023/050413;816738;C;;
NZ;PCT/US2023/024898;817123;C;;
NZ;PCT/US2023/022733;817206;C;;
NZ;PCT/AU2023/050384;817008;D;;
NZ;PCT/US2023/025780;817354;D;;
NZ;PCT/AU2023/050473;817351;G;;
NZ;PCT/US2023/027654;817085;G;;
NZ;PCT/EP2023/069513;817453;G;;
NZ;PCT/JP2023/025527;816798;R;;
NZ;PCT/JP2023/024180;816689;R;;
NZ;PCT/US2023/067919;817129;R;;
NZ;PCT/EP2023/071064;816836;W;;
NZ;PCT/NZ2023/050082;817143;W;;
NZ;PCT/SE2023/050641;817189;W;;
NZ;PCT/CN2023/098081;816973;C;;
NZ;PCT/US2023/027741;817376;C;;
NZ;PCT/IB2023/056611;816867;D;;
NZ;PCT/US2023/027420;816815;D;;
NZ;PCT/US2023/068426;817078;D;;
NZ;PCT/EP2023/063379;816811;G;;
NZ;PCT/CN2023/099146;816823;G;;
NZ;PCT/JP2022/022273;817146;G;;
NZ;PCT/US2023/021812;816841;R;;
NZ;PCT/US2023/069358;817271;R;;
NZ;PCT/US2023/024719;817079;R;;
NZ;PCT/EP2023/062582;816812;W;;
NZ;PCT/US2023/074061;817387;W;;
NZ;PCT/IL2023/050449;816739;C;;
NZ;PCT/EP2023/072293;817202;C;;
NZ;PCT/KR2023/008062;817111;C;;
NZ;PCT/AU2023/050609;817342;D;;
NZ;PCT/EP2023/065438;817011;D;;
NZ;PCT/US2023/069124;817201;D;;
NZ;PCT/IB2023/054969;816740;G;;
NZ;PCT/US2023/069334;817458;G;;
NZ;PCT/EP2023/072377;817277;G;;
NZ;PCT/CN2023/098246;817042;R;;
NZ;PCT/US2023/068828;817362;R;;
NZ;PCT/US2023/073033;817449;R;;
NZ;PCT/US2023/024721;817080;R;;
NZ;PCT/EP2023/063424;816898;R;;
NZ;PCT/DK2023/050129;816716;W;;
NZ;PCT/IB2023/056622;816845;W;;
NZ;PCT/EP2023/072376;817148;W;;
NZ;PCT/US2023/066349;816713;C;;
NZ;PCT/US2023/069704;817390;C;;
NZ;PCT/US2023/027456;817248;C;;
NZ;PCT/EP2023/069447;816835;D;;
NZ;PCT/CN2023/101761;817391;D;;
NZ;PCT/US2023/069102;817412;G;;
NZ;PCT/US2023/068925;817239;G;;
NZ;PCT/AU2023/050488;816977;G;;
NZ;PCT/US2023/023770;816712;R;;
NZ;PCT/IB2023/054501;816705;R;;
NZ;PCT/EP2023/064122;817052;R;;
NZ;PCT/GB2023/051492;816786;W;;
NZ;PCT/NO2023/060015;817441;W;;
NZ;PCT/CN2023/101302;817409;C;;
NZ;PCT/US2023/026528;817068;C;;
NZ;PCT/EP2023/071118;817421;C;;
NZ;PCT/AU2023/050482;816717;D;;
NZ;PCT/AU2023/050641;817275;D;;
NZ;PCT/AU2023/050454;817122;D;;
NZ;PCT/IB2023/054777;816769;G;;
NZ;PCT/EP2023/065236;817228;G;;
NZ;PCT/US2023/026527;817070;G;;
NZ;PCT/GB2023/051393;816828;R;;
NZ;PCT/NZ2023/050056;817276;R;;
NZ;PCT/US2023/070897;817330;W;;
NZ;PCT/US2023/068831;817186;W;;
NZ;PCT/US2023/025384;817374;W;;
NZ;PCT/US2023/027009;816802;C;;
NZ;PCT/US2023/024073;816719;C;;
NZ;PCT/IB2023/057033;817110;C;;
NZ;PCT/US2023/069410;816832;D;;
NZ;PCT/US2023/027438;817176;D;;
NZ;PCT/SE2023/050643;817197;D;;
NZ;PCT/US2023/068586;816855;G;;
NZ;PCT/US2023/022681;817291;G;;
NZ;PCT/EP2023/062499;817028;G;;
NZ;PCT/US2023/025987;817318;G;;
NZ;PCT/US2023/025386;817385;R;;
NZ;PCT/US2023/024679;817041;R;;
NZ;PCT/US2023/068486;816989;R;;
NZ;PCT/IB2023/054044;816797;W;;
NZ;PCT/US2023/024723;817252;W;;
NZ;PCT/CN2023/102500;816991;W;;
NZ;PCT/IB2023/056152;816818;C;;
NZ;PCT/IB2023/000312;817229;C;;
NZ;PCT/CN2023/099158;817396;D;;
NZ;PCT/EP2023/069483;817193;D;;
NZ;PCT/EP2023/065558;817457;D;;
NZ;PCT/GB2023/051229;816857;G;;
NZ;PCT/US2023/022390;817130;G;;
NZ;PCT/US2023/069448;817007;G;;
NZ;PCT/AU2023/050526;816833;R;;
NZ;PCT/EP2023/065588;816859;R;;
NZ;PCT/EP2023/063538;817157;R;;
NZ;PCT/US2023/069331;816858;W;;
NZ;PCT/US2023/023949;817322;W;;
NZ;PCT/US2023/025389;817399;C;;
NZ;PCT/EP2023/065991;817236;C;;
NZ;PCT/EP2023/064749;816886;C;;
NZ;PCT/US2023/022990;816680;D;;
NZ;PCT/EP2023/062066;816853;D;;
NZ;PCT/AU2023/050582;817038;D;;
NZ;PCT/US2023/068310;816827;G;;
NZ;PCT/US2023/068329;816834;G;;
NZ;PCT/US2023/024711;817101;G;;
NZ;PCT/US2023/021153;816936;R;;
NZ;PCT/US2023/069968;817323;R;;
NZ;PCT/US2023/068832;817368;W;;
NZ;PCT/US2023/070016;817284;W;;
NZ;PCT/AU2023/050583;816978;W;;
NZ;PCT/EP2023/069087;816725;C;;
NZ;PCT/US2022/035254;817075;C;;
NZ;PCT/JP2023/018892;817055;C;;
NZ;PCT/AU2023/050490;816793;D;;
NZ;PCT/US2023/025385;817402;D;;
NZ;PCT/US2023/067927;816899;D;;
NZ;PCT/ES2023/070358;817303;D;;
NZ;PCT/US2023/067915;817113;G;;
NZ;PCT/US2023/069857;817366;G;;
NZ;PCT/JP2023/020924;816884;R;;
NZ;PCT/CZ2023/050037;817050;R;;
NZ;PCT/EP2023/068080;817035;R;;
NZ;PCT/EP2023/067987;816816;W;;
NZ;PCT/EP2023/070918;816872;W;;
NZ;PCT/US2023/068665;817187;W;;
NZ;PCT/US2023/022098;816771;C;;
NZ;PCT/IB2023/056283;817296;C;;
NZ;PCT/US2023/026769;817407;D;;
NZ;PCT/NO2023/060008;817254;D;;
NZ;PCT/EP2023/068358;816983;D;;
NZ;PCT/KR2023/009159;816324;G;;
NZ;PCT/CN2023/111270;816840;G;;
NZ;PCT/US2023/068408;817086;G;;
NZ;PCT/US2023/068821;817317;R;;
NZ;PCT/ES2023/070416;816935;R;;
NZ;PCT/CN2023/100225;817165;R;;
NZ;PCT/US2023/067013;817124;W;;
NZ;PCT/GB2023/051298;817205;W;;
NZ;PCT/US2023/026081;816848;C;;
NZ;PCT/US2023/068006;817074;C;;
NZ;PCT/GB2023/051612;816896;C;;
NZ;PCT/EP2023/055328;816806;D;;
NZ;PCT/GB2023/051668;817338;D;;
NZ;PCT/CN2023/098241;816992;D;;
NZ;PCT/US2023/021180;816188;G;;
NZ;PCT/JP2023/022590;817069;G;;
NZ;PCT/EP2023/065235;817121;G;;
NZ;PCT/JP2023/021761;816885;R;;
NZ;PCT/US2023/026994;817359;R;;
NZ;PCT/US2023/023307;816877;W;;
NZ;PCT/US2023/024617;817037;W;;
NZ;PCT/US2023/067996;817013;W;;
NZ;PCT/US2023/069132;816817;C;;
NZ;PCT/US2023/066436;816714;C;;
NZ;PCT/US2023/028124;817231;C;;
NZ;PCT/EP2023/067952;817329;C;;
NZ;PCT/CN2023/099267;816972;C;;
NZ;PCT/GB2023/051292;817094;C;;
NZ;PCT/EP2023/070938;816871;D;;
NZ;PCT/EP2023/065608;817349;D;;
NZ;PCT/EP2023/064873;817039;G;;
NZ;PCT/EP2023/067803;817403;G;;
NZ;PCT/CN2023/098030;816800;R;;
NZ;PCT/US2023/067432;817274;R;;
NZ;PCT/IB2023/000535;817115;R;;
NZ;PCT/CN2023/091259;816564;W;;
NZ;PCT/US2023/024956;817120;W;;
NZ;PCT/AU2023/050562;817203;W;;
NZ;PCT/NZ2023/050052;816044;C;;
NZ;PCT/CN2022/107593;817361;C;;
NZ;PCT/EP2023/063472;816883;D;;
NZ;PCT/AU2022/050817;816901;D;;
NZ;PCT/US2023/024944;817032;D;;
NZ;PCT/AU2023/050395;816757;G;;
NZ;PCT/US2023/065519;817336;G;;
NZ;PCT/NO2023/050089;817126;G;;
NZ;PCT/IB2023/055901;816682;R;;
NZ;PCT/EP2023/064950;817162;R;;
NZ;PCT/EP2023/069505;817234;R;;
NZ;PCT/US2023/068298;817116;W;;
NZ;PCT/US2023/026331;817375;W;;
NZ;PCT/IB2023/056620;816861;C;;
NZ;PCT/NL2023/050273;817257;C;;
NZ;PCT/EP2023/069299;817147;C;;
NZ;PCT/US2023/023586;816849;D;;
NZ;PCT/US2023/070306;816882;D;;
NZ;PCT/US2023/067064;817192;D;;
NZ;PCT/US2023/022104;816760;G;;
NZ;PCT/US2023/025457;817188;G;;
NZ;PCT/EP2023/063844;817243;G;;
NZ;PCT/DK2023/050124;816698;R;;
NZ;PCT/US2022/033379;816843;R;;
NZ;PCT/CN2023/096076;816516;W;;
NZ;PCT/EP2023/066817;817145;W;;
NZ;PCT/JP2023/021735;817058;W;;
NZ;PCT/EP2023/069513;817453;R;;
NZ;PCT/JP2023/025527;816798;W;;
NZ;PCT/JP2023/024180;816689;W;;
NZ;PCT/US2023/067919;817129;W;;
NZ;PCT/EP2023/071064;816836;C;;
NZ;PCT/NZ2023/050082;817143;C;;
NZ;PCT/SE2023/050641;817189;C;;
NZ;PCT/CN2023/098081;816973;D;;
NZ;PCT/US2023/027741;817376;D;;
NZ;PCT/US2023/076475;817433;G;;
NZ;PCT/SE2023/050644;817198;G;;
NZ;PCT/GB2023/051489;817415;G;;
NZ;PCT/EP2023/063379;816811;R;;
NZ;PCT/CN2023/099146;816823;R;;
NZ;PCT/JP2022/022273;817146;R;;
NZ;PCT/US2023/021812;816841;W;;
NZ;PCT/US2023/069358;817271;W;;
NZ;PCT/US2023/024719;817079;W;;
NZ;PCT/EP2023/062582;816812;C;;
NZ;PCT/US2023/074061;817387;C;;
NZ;PCT/IL2023/050449;816739;D;;
NZ;PCT/EP2023/072293;817202;D;;
NZ;PCT/KR2023/008062;817111;D;;
NZ;PCT/US2023/023057;816792;G;;
NZ;PCT/CN2023/103952;816873;G;;
NZ;PCT/EP2023/062453;817026;G;;
NZ;PCT/IB2023/054969;816740;R;;
NZ;PCT/US2023/069334;817458;R;;
NZ;PCT/EP2023/072377;817277;R;;
NZ;PCT/CN2023/098246;817042;W;;
NZ;PCT/US2023/068828;817362;W;;
NZ;PCT/CN2023/094714;816799;C;;
NZ;PCT/US2023/027013;817314;C;;
NZ;PCT/CA2023/050698;817119;C;;
NZ;PCT/FI2023/050413;816738;D;;
NZ;PCT/US2023/024898;817123;D;;
NZ;PCT/US2023/022733;817206;D;;
NZ;PCT/US2023/068956;816821;G;;
NZ;PCT/GB2023/051494;817422;G;;
NZ;PCT/AU2023/050473;817351;R;;
NZ;PCT/US2023/027654;817085;R;;
NZ;PCT/US2023/068806;816903;G;;
NZ;PCT/EP2023/066647;817324;G;;
NZ;PCT/US2023/069102;817412;R;;
NZ;PCT/US2023/068925;817239;R;;
NZ;PCT/AU2023/050488;816977;R;;
NZ;PCT/US2023/023770;816712;W;;
NZ;PCT/IB2023/054501;816705;W;;
NZ;PCT/EP2023/064122;817052;W;;
NZ;PCT/GB2023/051492;816786;C;;
NZ;PCT/NO2023/060015;817441;C;;
NZ;PCT/CN2023/101302;817409;D;;
NZ;PCT/US2023/026528;817068;D;;
NZ;PCT/EP2023/071118;817421;D;;
NZ;PCT/AU2023/050470;817417;G;;
NZ;PCT/US2021/022322;817031;G;;
NZ;PCT/EP2023/068805;816985;G;;
NZ;PCT/IB2023/054777;816769;R;;
NZ;PCT/EP2023/065236;817228;R;;
NZ;PCT/US2023/026527;817070;R;;
NZ;PCT/GB2023/051393;816828;W;;
NZ;PCT/NZ2023/050056;817276;W;;
NZ;PCT/US2023/070897;817330;C;;
NZ;PCT/US2023/068831;817186;C;;
NZ;PCT/US2023/025384;817374;C;;
NZ;PCT/US2023/027009;816802;D;;
NZ;PCT/US2023/024073;816719;D;;
NZ;PCT/IB2023/057033;817110;D;;
NZ;PCT/EP2023/062589;816801;G;;
NZ;PCT/US2023/024152;816874;G;;
NZ;PCT/CN2023/098264;817040;G;;
NZ;PCT/US2023/068586;816855;R;;
NZ;PCT/US2023/022681;817291;R;;
NZ;PCT/US2023/073033;817449;W;;
NZ;PCT/US2023/024721;817080;W;;
NZ;PCT/EP2023/063424;816898;W;;
NZ;PCT/DK2023/050129;816716;C;;
NZ;PCT/IB2023/056622;816845;C;;
NZ;PCT/EP2023/072376;817148;C;;
NZ;PCT/US2023/066349;816713;D;;
NZ;PCT/US2023/069704;817390;D;;
NZ;PCT/US2023/027456;817248;D;;
NZ;PCT/US2023/067250;816852;G;;
NZ;PCT/US2023/067487;817357;G;;
NZ;PCT/GB2023/051229;816857;R;;
NZ;PCT/US2023/022390;817130;R;;
NZ;PCT/US2023/069448;817007;R;;
NZ;PCT/AU2023/050526;816833;W;;
NZ;PCT/EP2023/065588;816859;W;;
NZ;PCT/EP2023/063538;817157;W;;
NZ;PCT/US2023/069331;816858;C;;
NZ;PCT/US2023/023949;817322;C;;
NZ;PCT/US2023/025389;817399;D;;
NZ;PCT/EP2023/065991;817236;D;;
NZ;PCT/EP2023/064749;816886;D;;
NZ;PCT/IB2023/056626;816862;G;;
NZ;PCT/US2022/033213;816842;G;;
NZ;PCT/US2023/067008;817034;G;;
NZ;PCT/US2023/068310;816827;R;;
NZ;PCT/US2023/068329;816834;R;;
NZ;PCT/US2023/024711;817101;R;;
NZ;PCT/US2023/021153;816936;W;;
NZ;PCT/US2023/069968;817323;W;;
NZ;PCT/US2023/068832;817368;C;;
NZ;PCT/US2023/070016;817284;C;;
NZ;PCT/AU2023/050583;816978;C;;
NZ;PCT/EP2023/069087;816725;D;;
NZ;PCT/US2022/035254;817075;D;;
NZ;PCT/JP2023/018892;817055;D;;
NZ;PCT/CN2023/098076;816847;G;;
NZ;PCT/NZ2023/050060;816866;G;;
NZ;PCT/IB2023/056513;817200;G;;
NZ;PCT/EP2023/062499;817028;R;;
NZ;PCT/US2023/025987;817318;R;;
NZ;PCT/US2023/025386;817385;W;;
NZ;PCT/US2023/024679;817041;W;;
NZ;PCT/US2023/068486;816989;W;;
NZ;PCT/IB2023/054044;816797;C;;
NZ;PCT/US2023/024723;817252;C;;
NZ;PCT/CN2023/102500;816991;C;;
NZ;PCT/IB2023/056152;816818;D;;
NZ;PCT/IB2023/000312;817229;D;;
NZ;PCT/US2023/068665;817187;C;;
NZ;PCT/US2023/022098;816771;D;;
NZ;PCT/IB2023/056283;817296;D;;
NZ;PCT/CN2023/103576;817128;G;;
NZ;PCT/KR2023/006480;816893;G;;
NZ;PCT/KR2023/009159;816324;R;;
NZ;PCT/CN2023/111270;816840;R;;
NZ;PCT/US2023/068408;817086;R;;
NZ;PCT/US2023/068821;817317;W;;
NZ;PCT/ES2023/070416;816935;W;;
NZ;PCT/CN2023/100225;817165;W;;
NZ;PCT/US2023/067013;817124;C;;
NZ;PCT/GB2023/051298;817205;C;;
NZ;PCT/US2023/026081;816848;D;;
NZ;PCT/US2023/068006;817074;D;;
NZ;PCT/GB2023/051612;816896;D;;
NZ;PCT/CN2023/098011;816766;G;;
NZ;PCT/SE2023/050642;817195;G;;
NZ;PCT/EP2023/067403;817064;G;;
NZ;PCT/US2023/021180;816188;R;;
NZ;PCT/JP2023/022590;817069;R;;
NZ;PCT/EP2023/065235;817121;R;;
NZ;PCT/JP2023/021761;816885;W;;
NZ;PCT/US2023/026994;817359;W;;
NZ;PCT/US2023/023307;816877;C;;
NZ;PCT/US2023/024617;817037;C;;
NZ;PCT/US2023/067996;817013;C;;
NZ;PCT/US2023/069132;816817;D;;
NZ;PCT/US2023/066436;816714;D;;
NZ;PCT/US2023/028124;817231;D;;
NZ;PCT/GB2023/051401;816752;G;;
NZ;PCT/JP2023/021978;817150;G;;
NZ;PCT/CN2024/095625;817227;G;;
NZ;PCT/US2023/067915;817113;R;;
NZ;PCT/US2023/069857;817366;R;;
NZ;PCT/JP2023/020924;816884;W;;
NZ;PCT/CZ2023/050037;817050;W;;
NZ;PCT/EP2023/068080;817035;W;;
NZ;PCT/EP2023/067987;816816;C;;
NZ;PCT/EP2023/070918;816872;C;;
NZ;PCT/US2023/067432;817274;W;;
NZ;PCT/IB2023/000535;817115;W;;
NZ;PCT/CN2023/091259;816564;C;;
NZ;PCT/US2023/024956;817120;C;;
NZ;PCT/AU2023/050562;817203;C;;
NZ;PCT/NZ2023/050052;816044;D;;
NZ;PCT/CN2022/107593;817361;D;;
NZ;PCT/US2023/069801;817388;G;;
NZ;PCT/US2023/023445;816971;G;;
NZ;PCT/AU2023/050619;817429;G;;
NZ;PCT/AU2023/050395;816757;R;;
NZ;PCT/US2023/065519;817336;R;;
NZ;PCT/NO2023/050089;817126;R;;
NZ;PCT/IB2023/055901;816682;W;;
NZ;PCT/EP2023/064950;817162;W;;
NZ;PCT/EP2023/069505;817234;W;;
NZ;PCT/US2023/068298;817116;C;;
NZ;PCT/US2023/026331;817375;C;;
NZ;PCT/IB2023/056620;816861;D;;
NZ;PCT/NL2023/050273;817257;D;;
NZ;PCT/EP2023/069299;817147;D;;
NZ;PCT/GB2023/051260;816569;G;;
NZ;PCT/GB2023/051183;816814;G;;
NZ;PCT/US2023/067220;817114;G;;
NZ;PCT/US2023/022104;816760;R;;
NZ;PCT/US2023/025457;817188;R;;
NZ;PCT/EP2023/063844;817243;R;;
NZ;PCT/DK2023/050124;816698;W;;
NZ;PCT/US2022/033379;816843;W;;
NZ;PCT/CN2023/096076;816516;C;;
NZ;PCT/EP2023/066817;817145;C;;
NZ;PCT/JP2023/021735;817058;C;;
NZ;PCT/EP2023/067952;817329;D;;
NZ;PCT/CN2023/099267;816972;D;;
NZ;PCT/GB2023/051292;817094;D;;
NZ;PCT/CA2023/050660;816715;G;;
NZ;PCT/IB2023/056049;817420;G;;
NZ;PCT/KR2023/000398;817270;G;;
NZ;PCT/EP2023/064873;817039;R;;
NZ;PCT/EP2023/067803;817403;R;;
NZ;PCT/CN2023/098030;816800;W;;
NZ;PCT/US2023/076475;817433;R;;
NZ;PCT/SE2023/050644;817198;R;;
NZ;PCT/GB2023/051489;817415;R;;
NZ;PCT/EP2023/063379;816811;W;;
NZ;PCT/CN2023/099146;816823;W;;
NZ;PCT/JP2022/022273;817146;W;;
NZ;PCT/US2023/021812;816841;C;;
NZ;PCT/US2023/069358;817271;C;;
NZ;PCT/US2023/024719;817079;C;;
NZ;PCT/EP2023/062582;816812;D;;
NZ;PCT/US2023/074061;817387;D;;
NZ;PCT/US2023/026140;817168;G;;
NZ;PCT/EP2023/064065;817230;G;;
NZ;PCT/AU2023/050469;816941;G;;
NZ;PCT/US2023/023057;816792;R;;
NZ;PCT/CN2023/103952;816873;R;;
NZ;PCT/EP2023/062453;817026;R;;
NZ;PCT/IB2023/054969;816740;W;;
NZ;PCT/US2023/069334;817458;W;;
NZ;PCT/EP2023/072377;817277;W;;
NZ;PCT/CN2023/098246;817042;C;;
NZ;PCT/US2023/068828;817362;C;;
NZ;PCT/CN2023/094714;816799;D;;
NZ;PCT/US2023/027013;817314;D;;
NZ;PCT/CA2023/050698;817119;D;;
NZ;PCT/US2023/021150;816773;G;;
NZ;PCT/EP2023/067805;817273;G;;
NZ;PCT/US2023/066825;816945;G;;
NZ;PCT/US2023/068956;816821;R;;
NZ;PCT/GB2023/051494;817422;R;;
NZ;PCT/AU2023/050473;817351;W;;
NZ;PCT/US2023/027654;817085;W;;
NZ;PCT/EP2023/069513;817453;W;;
NZ;PCT/JP2023/025527;816798;C;;
NZ;PCT/JP2023/024180;816689;C;;
NZ;PCT/US2023/067919;817129;C;;
NZ;PCT/EP2023/071064;816836;D;;
NZ;PCT/NZ2023/050082;817143;D;;
NZ;PCT/SE2023/050641;817189;D;;
NZ;PCT/EP2023/067939;816869;G;;
NZ;PCT/IB2023/000335;817315;G;;
NZ;PCT/EP2023/062404;816820;G;;
NZ;PCT/US2023/068555;817328;G;;
NZ;PCT/AU2023/050470;817417;R;;
NZ;PCT/US2021/022322;817031;R;;
NZ;PCT/EP2023/068805;816985;R;;
NZ;PCT/IB2023/054777;816769;W;;
NZ;PCT/EP2023/065236;817228;W;;
NZ;PCT/US2023/026527;817070;W;;
NZ;PCT/GB2023/051393;816828;C;;
NZ;PCT/NZ2023/050056;817276;C;;
NZ;PCT/US2023/070897;817330;D;;
NZ;PCT/US2023/068831;817186;D;;
NZ;PCT/US2023/025384;817374;D;;
NZ;PCT/EP2023/068443;816876;G;;
NZ;PCT/IB2022/056438;817137;G;;
NZ;PCT/GB2023/051230;816934;G;;
NZ;PCT/EP2023/062589;816801;R;;
NZ;PCT/US2023/024152;816874;R;;
NZ;PCT/CN2023/098264;817040;R;;
NZ;PCT/US2023/068586;816855;W;;
NZ;PCT/US2023/022681;817291;W;;
NZ;PCT/US2023/073033;817449;C;;
NZ;PCT/US2023/024721;817080;C;;
NZ;PCT/EP2023/063424;816898;C;;
NZ;PCT/DK2023/050129;816716;D;;
NZ;PCT/IB2023/056622;816845;D;;
NZ;PCT/EP2023/072376;817148;D;;
NZ;PCT/EP2023/066436;816433;G;;
NZ;PCT/US2023/021060;816587;G;;
NZ;PCT/US2023/067918;817151;G;;
NZ;PCT/US2023/068806;816903;R;;
NZ;PCT/EP2023/066647;817324;R;;
NZ;PCT/US2023/069102;817412;W;;
NZ;PCT/US2023/068925;817239;W;;
NZ;PCT/AU2023/050488;816977;W;;
NZ;PCT/US2023/023770;816712;C;;
NZ;PCT/IB2023/054501;816705;C;;
NZ;PCT/EP2023/064122;817052;C;;
NZ;PCT/GB2023/051492;816786;D;;
NZ;PCT/NO2023/060015;817441;D;;
NZ;PCT/US2023/023949;817322;D;;
NZ;PCT/AU2023/050384;817008;G;;
NZ;PCT/US2023/025780;817354;G;;
NZ;PCT/IB2023/056626;816862;R;;
NZ;PCT/US2022/033213;816842;R;;
NZ;PCT/US2023/067008;817034;R;;
NZ;PCT/US2023/068310;816827;W;;
NZ;PCT/US2023/068329;816834;W;;
NZ;PCT/US2023/024711;817101;W;;
NZ;PCT/US2023/021153;816936;C;;
NZ;PCT/US2023/069968;817323;C;;
NZ;PCT/US2023/068832;817368;D;;
NZ;PCT/US2023/070016;817284;D;;
NZ;PCT/AU2023/050583;816978;D;;
NZ;PCT/IB2023/056611;816867;G;;
NZ;PCT/US2023/027420;816815;G;;
NZ;PCT/US2023/068426;817078;G;;
NZ;PCT/CN2023/098076;816847;R;;
NZ;PCT/NZ2023/050060;816866;R;;
NZ;PCT/IB2023/056513;817200;R;;
NZ;PCT/EP2023/062499;817028;W;;
NZ;PCT/US2023/025987;817318;W;;
NZ;PCT/US2023/025386;817385;C;;
NZ;PCT/US2023/024679;817041;C;;
NZ;PCT/US2023/068486;816989;C;;
NZ;PCT/IB2023/054044;816797;D;;
NZ;PCT/US2023/024723;817252;D;;
NZ;PCT/CN2023/102500;816991;D;;
NZ;PCT/AU2023/050609;817342;G;;
NZ;PCT/EP2023/065438;817011;G;;
NZ;PCT/US2023/069124;817201;G;;
NZ;PCT/US2023/067250;816852;R;;
NZ;PCT/US2023/067487;817357;R;;
NZ;PCT/GB2023/051229;816857;W;;
NZ;PCT/US2023/022390;817130;W;;
NZ;PCT/US2023/069448;817007;W;;
NZ;PCT/AU2023/050526;816833;C;;
NZ;PCT/EP2023/065588;816859;C;;
NZ;PCT/EP2023/063538;817157;C;;
NZ;PCT/US2023/069331;816858;D;;
NZ;PCT/US2023/068821;817317;C;;
NZ;PCT/ES2023/070416;816935;C;;
NZ;PCT/CN2023/100225;817165;C;;
NZ;PCT/US2023/067013;817124;D;;
NZ;PCT/GB2023/051298;817205;D;;
NZ;PCT/EP2023/069447;816835;G;;
NZ;PCT/CN2023/101761;817391;G;;
NZ;PCT/CN2023/098011;816766;R;;
NZ;PCT/SE2023/050642;817195;R;;
NZ;PCT/EP2023/067403;817064;R;;
NZ;PCT/US2023/021180;816188;W;;
NZ;PCT/JP2023/022590;817069;W;;
NZ;PCT/EP2023/065235;817121;W;;
NZ;PCT/JP2023/021761;816885;C;;
NZ;PCT/US2023/026994;817359;C;;
NZ;PCT/US2023/023307;816877;D;;
NZ;PCT/US2023/024617;817037;D;;
NZ;PCT/US2023/067996;817013;D;;
NZ;PCT/AU2023/050482;816717;G;;
NZ;PCT/AU2023/050641;817275;G;;
NZ;PCT/AU2023/050454;817122;G;;
NZ;PCT/GB2023/051401;816752;R;;
NZ;PCT/JP2023/021978;817150;R;;
NZ;PCT/CN2024/095625;817227;R;;
NZ;PCT/US2023/067915;817113;W;;
NZ;PCT/US2023/069857;817366;W;;
NZ;PCT/JP2023/020924;816884;C;;
NZ;PCT/CZ2023/050037;817050;C;;
NZ;PCT/EP2023/068080;817035;C;;
NZ;PCT/EP2023/067987;816816;D;;
NZ;PCT/EP2023/070918;816872;D;;
NZ;PCT/US2023/068665;817187;D;;
NZ;PCT/US2023/069410;816832;G;;
NZ;PCT/US2023/027438;817176;G;;
NZ;PCT/SE2023/050643;817197;G;;
NZ;PCT/CN2023/103576;817128;R;;
NZ;PCT/KR2023/006480;816893;R;;
NZ;PCT/KR2023/009159;816324;W;;
NZ;PCT/CN2023/111270;816840;W;;
NZ;PCT/US2023/068408;817086;W;;
NZ;PCT/AU2023/050619;817429;R;;
NZ;PCT/AU2023/050395;816757;W;;
NZ;PCT/US2023/065519;817336;W;;
NZ;PCT/NO2023/050089;817126;W;;
NZ;PCT/IB2023/055901;816682;C;;
NZ;PCT/EP2023/064950;817162;C;;
NZ;PCT/EP2023/069505;817234;C;;
NZ;PCT/US2023/068298;817116;D;;
NZ;PCT/US2023/026331;817375;D;;
NZ;PCT/CN2023/099158;817396;G;;
NZ;PCT/EP2023/069483;817193;G;;
NZ;PCT/EP2023/065558;817457;G;;
NZ;PCT/GB2023/051260;816569;R;;
NZ;PCT/GB2023/051183;816814;R;;
NZ;PCT/US2023/067220;817114;R;;
NZ;PCT/US2023/022104;816760;W;;
NZ;PCT/US2023/025457;817188;W;;
NZ;PCT/EP2023/063844;817243;W;;
NZ;PCT/DK2023/050124;816698;C;;
NZ;PCT/US2022/033379;816843;C;;
NZ;PCT/CN2023/096076;816516;D;;
NZ;PCT/EP2023/066817;817145;D;;
NZ;PCT/JP2023/021735;817058;D;;
NZ;PCT/US2023/022990;816680;G;;
NZ;PCT/EP2023/062066;816853;G;;
NZ;PCT/AU2023/050582;817038;G;;
NZ;PCT/CA2023/050660;816715;R;;
NZ;PCT/IB2023/056049;817420;R;;
NZ;PCT/KR2023/000398;817270;R;;
NZ;PCT/EP2023/064873;817039;W;;
NZ;PCT/EP2023/067803;817403;W;;
NZ;PCT/CN2023/098030;816800;C;;
NZ;PCT/US2023/067432;817274;C;;
NZ;PCT/IB2023/000535;817115;C;;
NZ;PCT/CN2023/091259;816564;D;;
NZ;PCT/US2023/024956;817120;D;;
NZ;PCT/AU2023/050562;817203;D;;
NZ;PCT/AU2023/050490;816793;G;;
NZ;PCT/US2023/025385;817402;G;;
NZ;PCT/US2023/069801;817388;R;;
NZ;PCT/US2023/023445;816971;R;;
NZ;PCT/ES2023/070358;817303;G;;
NZ;PCT/US2023/026140;817168;R;;
NZ;PCT/EP2023/064065;817230;R;;
NZ;PCT/AU2023/050469;816941;R;;
NZ;PCT/US2023/023057;816792;W;;
NZ;PCT/CN2023/103952;816873;W;;
NZ;PCT/EP2023/062453;817026;W;;
NZ;PCT/IB2023/054969;816740;C;;
NZ;PCT/US2023/069334;817458;C;;
NZ;PCT/EP2023/072377;817277;C;;
NZ;PCT/CN2023/098246;817042;D;;
NZ;PCT/US2023/068828;817362;D;;
NZ;PCT/US2023/026769;817407;G;;
NZ;PCT/NO2023/060008;817254;G;;
NZ;PCT/EP2023/068358;816983;G;;
NZ;PCT/US2023/021150;816773;R;;
NZ;PCT/EP2023/067805;817273;R;;
NZ;PCT/US2023/066825;816945;R;;
NZ;PCT/US2023/068956;816821;W;;
NZ;PCT/GB2023/051494;817422;W;;
NZ;PCT/AU2023/050473;817351;C;;
NZ;PCT/US2023/027654;817085;C;;
NZ;PCT/EP2023/069513;817453;C;;
NZ;PCT/JP2023/025527;816798;D;;
NZ;PCT/JP2023/024180;816689;D;;
NZ;PCT/US2023/067919;817129;D;;
NZ;PCT/EP2023/055328;816806;G;;
NZ;PCT/GB2023/051668;817338;G;;
NZ;PCT/CN2023/098241;816992;G;;
NZ;PCT/EP2023/067939;816869;R;;
NZ;PCT/IB2023/000335;817315;R;;
NZ;PCT/US2023/076475;817433;W;;
NZ;PCT/SE2023/050644;817198;W;;
NZ;PCT/GB2023/051489;817415;W;;
NZ;PCT/EP2023/063379;816811;C;;
NZ;PCT/CN2023/099146;816823;C;;
NZ;PCT/JP2022/022273;817146;C;;
NZ;PCT/US2023/021812;816841;D;;
NZ;PCT/US2023/069358;817271;D;;
NZ;PCT/US2023/024719;817079;D;;
NZ;PCT/US2023/067927;816899;G;;
NZ;PCT/GB2023/051260;816569;E;2024-11-29;
NZ;PCT/DK2023/050129;816716;E;2024-11-29;
NZ;PCT/AU2023/050482;816717;E;2024-11-29;
NZ;PCT/US2023/066436;816714;E;2024-11-29;
NZ;PCT/US2023/021060;816587;E;2024-11-29;
NZ;PCT/GB2023/051401;816752;E;2024-11-29;
NZ;PCT/IB2023/054501;816705;E;2024-11-29;
NZ;PCT/JP2023/024180;816689;E;2024-11-29;
NZ;PCT/EP2023/069087;816725;E;2024-11-29;
NZ;PCT/US2023/021180;816188;E;2024-11-29;
NZ;PCT/US2023/024073;816719;E;2024-11-29;
NZ;PCT/IL2023/050449;816739;E;2024-11-29;
NZ;PCT/CN2023/096076;816516;E;2024-11-29;
NZ;PCT/CA2023/050660;816715;E;2024-11-29;
NZ;PCT/DK2023/050124;816698;E;2024-11-29;
NZ;PCT/US2023/066349;816713;E;2024-11-29;
NZ;PCT/US2023/022990;816680;E;2024-11-29;
NZ;PCT/FI2023/050413;816738;E;2024-11-29;
NZ;PCT/KR2023/009159;816324;E;2024-11-29;
NZ;PCT/CN2023/091259;816564;E;2024-11-29;
NZ;PCT/US2023/023770;816712;E;2024-11-29;
NZ;PCT/AU2023/050490;816793;E;2024-12-02;
NZ;PCT/IB2023/054969;816740;E;2024-12-02;
NZ;PCT/GB2023/051492;816786;E;2024-12-02;
NZ;PCT/CN2023/098011;816766;E;2024-12-02;
NZ;PCT/US2023/022098;816771;E;2024-12-02;
NZ;PCT/US2023/021150;816773;E;2024-12-02;
NZ;PCT/IB2023/054777;816769;E;2024-12-02;
NZ;PCT/IB2023/055901;816682;E;2024-12-02;
NZ;PCT/US2023/023057;816792;E;2024-12-03;
NZ;PCT/US2023/069132;816817;E;2024-12-03;
NZ;PCT/US2023/027009;816802;E;2024-12-03;
NZ;PCT/GB2023/051183;816814;E;2024-12-03;
NZ;PCT/CN2023/094714;816799;E;2024-12-03;
NZ;PCT/EP2023/067987;816816;E;2024-12-03;
NZ;PCT/CN2023/098030;816800;E;2024-12-03;
NZ;PCT/EP2023/063379;816811;E;2024-12-03;
NZ;PCT/EP2023/055328;816806;E;2024-12-03;
NZ;PCT/EP2023/062582;816812;E;2024-12-03;
NZ;PCT/AU2023/050395;816757;E;2024-12-03;
NZ;PCT/JP2023/025527;816798;E;2024-12-03;
NZ;PCT/US2023/027420;816815;E;2024-12-03;
NZ;PCT/IB2023/054044;816797;E;2024-12-03;
NZ;PCT/EP2023/062589;816801;E;2024-12-03;
NZ;PCT/US2023/021812;816841;E;2024-12-04;
NZ;PCT/EP2023/069447;816835;E;2024-12-04;
NZ;PCT/US2023/026081;816848;E;2024-12-04;
NZ;PCT/EP2023/062066;816853;E;2024-12-04;
NZ;PCT/EP2023/066436;816433;E;2024-12-04;
NZ;PCT/IB2023/056152;816818;E;2024-12-04;
NZ;PCT/US2023/022104;816760;E;2024-12-04;
NZ;PCT/US2023/068329;816834;E;2024-12-04;
NZ;PCT/CN2023/098076;816847;E;2024-12-04;
NZ;PCT/CN2023/111270;816840;E;2024-12-04;
NZ;PCT/US2023/068956;816821;E;2024-12-04;
NZ;PCT/GB2023/051393;816828;E;2024-12-04;
NZ;PCT/US2023/023586;816849;E;2024-12-04;
NZ;PCT/AU2023/050526;816833;E;2024-12-04;
NZ;PCT/CN2023/099146;816823;E;2024-12-04;
NZ;PCT/EP2023/062404;816820;E;2024-12-04;
NZ;PCT/EP2023/071064;816836;E;2024-12-04;
NZ;PCT/IB2023/056622;816845;E;2024-12-04;
NZ;PCT/US2023/067250;816852;E;2024-12-04;
NZ;PCT/US2023/069410;816832;E;2024-12-04;
NZ;PCT/US2023/068310;816827;E;2024-12-04;
NZ;PCT/EP2023/070938;816871;E;2024-12-05;
NZ;PCT/US2023/069331;816858;E;2024-12-05;
NZ;PCT/JP2023/021761;816885;E;2024-12-05;
NZ;PCT/US2023/024152;816874;E;2024-12-05;
NZ;PCT/EP2023/063472;816883;E;2024-12-05;
NZ;PCT/EP2023/067939;816869;E;2024-12-05;
NZ;PCT/EP2023/068443;816876;E;2024-12-05;
NZ;PCT/JP2023/020924;816884;E;2024-12-05;
NZ;PCT/CN2023/103952;816873;E;2024-12-05;
NZ;PCT/US2023/070306;816882;E;2024-12-05;
NZ;PCT/IB2023/056611;816867;E;2024-12-05;
NZ;PCT/GB2023/051229;816857;E;2024-12-05;
NZ;PCT/US2023/068586;816855;E;2024-12-05;
NZ;PCT/NZ2023/050060;816866;E;2024-12-05;
NZ;PCT/EP2023/070918;816872;E;2024-12-05;
NZ;PCT/EP2023/065588;816859;E;2024-12-05;
NZ;PCT/IB2023/056620;816861;E;2024-12-05;
NZ;PCT/US2023/023307;816877;E;2024-12-05;
NZ;PCT/IB2023/056626;816862;E;2024-12-05;
NZ;PCT/US2023/021153;816936;E;2024-12-06;
NZ;PCT/US2023/068806;816903;E;2024-12-06;
NZ;PCT/KR2023/006480;816893;E;2024-12-06;
NZ;PCT/ES2023/070416;816935;E;2024-12-06;
NZ;PCT/AU2022/050817;816901;E;2024-12-06;
NZ;PCT/EP2023/064749;816886;E;2024-12-06;
NZ;PCT/US2023/067927;816899;E;2024-12-06;
NZ;PCT/AU2023/050469;816941;E;2024-12-06;
NZ;PCT/US2022/033379;816843;E;2024-12-06;
NZ;PCT/EP2023/063424;816898;E;2024-12-06;
NZ;PCT/US2023/068486;816989;E;2024-12-09;
NZ;PCT/EP2023/065438;817011;E;2024-12-09;
NZ;PCT/AU2023/050583;816978;E;2024-12-09;
NZ;PCT/AU2023/050384;817008;E;2024-12-09;
NZ;PCT/NZ2023/050052;816044;E;2024-12-09;
NZ;PCT/US2023/067996;817013;E;2024-12-09;
NZ;PCT/AU2023/050488;816977;E;2024-12-09;
NZ;PCT/GB2023/051230;816934;E;2024-12-09;
NZ;PCT/EP2023/068805;816985;E;2024-12-09;
NZ;PCT/CN2023/099267;816972;E;2024-12-09;
NZ;PCT/GB2023/051612;816896;E;2024-12-09;
NZ;PCT/EP2023/068358;816983;E;2024-12-09;
NZ;PCT/US2023/069448;817007;E;2024-12-09;
NZ;PCT/JP2023/018892;817055;E;2024-12-10;
NZ;PCT/EP2023/064873;817039;E;2024-12-10;
NZ;PCT/EP2023/062453;817026;E;2024-12-10;
NZ;PCT/US2021/022322;817031;E;2024-12-10;
NZ;PCT/EP2023/064122;817052;E;2024-12-10;
NZ;PCT/EP2023/068080;817035;E;2024-12-10;
NZ;PCT/CN2023/098246;817042;E;2024-12-10;
NZ;PCT/US2022/033213;816842;E;2024-12-10;
NZ;PCT/EP2023/062499;817028;E;2024-12-10;
NZ;PCT/US2023/067008;817034;E;2024-12-10;
NZ;PCT/US2023/024679;817041;E;2024-12-10;
NZ;PCT/US2023/024617;817037;E;2024-12-10;
NZ;PCT/AU2023/050582;817038;E;2024-12-10;
NZ;PCT/CZ2023/050037;817050;E;2024-12-10;
NZ;PCT/US2023/024944;817032;E;2024-12-10;
NZ;PCT/US2023/026527;817070;E;2024-12-11;
NZ;PCT/US2023/068408;817086;E;2024-12-11;
NZ;PCT/CN2023/098264;817040;E;2024-12-11;
NZ;PCT/US2023/027654;817085;E;2024-12-11;
NZ;PCT/US2023/026528;817068;E;2024-12-11;
NZ;PCT/US2023/068426;817078;E;2024-12-11;
NZ;PCT/CN2023/098241;816992;E;2024-12-11;
NZ;PCT/JP2023/022590;817069;E;2024-12-11;
NZ;PCT/US2023/066825;816945;E;2024-12-11;
NZ;PCT/US2023/068006;817074;E;2024-12-11;
NZ;PCT/CN2023/102500;816991;E;2024-12-11;
NZ;PCT/US2023/023445;816971;E;2024-12-11;
NZ;PCT/US2022/035254;817075;E;2024-12-11;
NZ;PCT/JP2023/021735;817058;E;2024-12-11;
NZ;PCT/US2023/022390;817130;E;2024-12-12;
NZ;PCT/US2023/067915;817113;E;2024-12-12;
NZ;PCT/CN2023/098081;816973;E;2024-12-12;
NZ;PCT/EP2023/066817;817145;E;2024-12-12;
NZ;PCT/US2023/024711;817101;E;2024-12-12;
NZ;PCT/CA2023/050698;817119;E;2024-12-12;
NZ;PCT/US2023/067919;817129;E;2024-12-12;
NZ;PCT/EP2023/072376;817148;E;2024-12-12;
NZ;PCT/EP2023/067403;817064;E;2024-12-12;
NZ;PCT/AU2023/050454;817122;E;2024-12-12;
NZ;PCT/US2023/067220;817114;E;2024-12-12;
NZ;PCT/US2023/067918;817151;E;2024-12-12;
NZ;PCT/US2023/068298;817116;E;2024-12-12;
NZ;PCT/CN2023/103576;817128;E;2024-12-12;
NZ;PCT/EP2023/069299;817147;E;2024-12-12;
NZ;PCT/KR2023/008062;817111;E;2024-12-12;
NZ;PCT/US2023/024898;817123;E;2024-12-12;
NZ;PCT/IB2022/056438;817137;E;2024-12-12;
NZ;PCT/JP2023/021978;817150;E;2024-12-12;
NZ;PCT/IB2023/000535;817115;E;2024-12-12;
NZ;PCT/NO2023/050089;817126;E;2024-12-12;
NZ;PCT/JP2022/022273;817146;E;2024-12-12;
NZ;PCT/US2023/067013;817124;E;2024-12-12;
NZ;PCT/US2023/024956;817120;E;2024-12-12;
NZ;PCT/IB2023/057033;817110;E;2024-12-12;
NZ;PCT/CN2023/100225;817165;E;2024-12-13;
NZ;PCT/NZ2023/050082;817143;E;2024-12-13;
NZ;PCT/IB2023/056513;817200;E;2024-12-13;
NZ;PCT/EP2023/065235;817121;E;2024-12-13;
NZ;PCT/US2023/025457;817188;E;2024-12-13;
NZ;PCT/US2023/027438;817176;E;2024-12-13;
NZ;PCT/US2023/022733;817206;E;2024-12-13;
NZ;PCT/EP2023/063538;817157;E;2024-12-13;
NZ;PCT/US2023/069124;817201;E;2024-12-13;
NZ;PCT/US2023/068665;817187;E;2024-12-13;
NZ;PCT/EP2023/064950;817162;E;2024-12-13;
NZ;PCT/AU2023/050562;817203;E;2024-12-13;
NZ;PCT/EP2023/069483;817193;E;2024-12-13;
NZ;PCT/GB2023/051292;817094;E;2024-12-13;
NZ;PCT/US2023/068831;817186;E;2024-12-13;
NZ;PCT/EP2023/072293;817202;E;2024-12-13;
NZ;PCT/US2023/067064;817192;E;2024-12-13;
NZ;PCT/CN2024/095625;817227;E;2024-12-15;
NZ;PCT/EP2023/063844;817243;E;2024-12-16;
NZ;PCT/US2023/028124;817231;E;2024-12-16;
NZ;PCT/EP2023/069505;817234;E;2024-12-16;
NZ;PCT/US2023/024719;817079;E;2024-12-16;
NZ;PCT/KR2023/000398;817270;E;2024-12-16;
NZ;PCT/US2023/067432;817274;E;2024-12-16;
NZ;PCT/SE2023/050643;817197;E;2024-12-16;
NZ;PCT/EP2023/064065;817230;E;2024-12-16;
NZ;PCT/NZ2023/050056;817276;E;2024-12-16;
NZ;PCT/US2023/024721;817080;E;2024-12-16;
NZ;PCT/US2023/068925;817239;E;2024-12-16;
NZ;PCT/EP2023/067805;817273;E;2024-12-16;
NZ;PCT/SE2023/050642;817195;E;2024-12-16;
NZ;PCT/EP2023/065991;817236;E;2024-12-16;
NZ;PCT/US2023/070016;817284;E;2024-12-16;
NZ;PCT/SE2023/050644;817198;E;2024-12-16;
NZ;PCT/NL2023/050273;817257;E;2024-12-16;
NZ;PCT/SE2023/050641;817189;E;2024-12-16;
NZ;PCT/US2023/027456;817248;E;2024-12-16;
NZ;PCT/US2023/069358;817271;E;2024-12-16;
NZ;PCT/EP2023/072377;817277;E;2024-12-16;
NZ;PCT/NO2023/060008;817254;E;2024-12-17;
NZ;PCT/US2023/069968;817323;E;2024-12-17;
NZ;PCT/US2023/022681;817291;E;2024-12-17;
NZ;PCT/US2023/023949;817322;E;2024-12-17;
NZ;PCT/US2023/025987;817318;E;2024-12-17;
NZ;PCT/IB2023/000312;817229;E;2024-12-17;
NZ;PCT/IB2023/056283;817296;E;2024-12-17;
NZ;PCT/US2023/027013;817314;E;2024-12-17;
NZ;PCT/AU2023/050641;817275;E;2024-12-17;
NZ;PCT/US2023/024723;817252;E;2024-12-17;
NZ;PCT/US2023/065519;817336;E;2024-12-17;
NZ;PCT/EP2023/065236;817228;E;2024-12-17;
NZ;PCT/EP2023/066647;817324;E;2024-12-17;
NZ;PCT/GB2023/051668;817338;E;2024-12-17;
NZ;PCT/IB2023/000335;817315;E;2024-12-17;
NZ;PCT/US2023/068555;817328;E;2024-12-17;
NZ;PCT/EP2023/067952;817329;E;2024-12-17;
NZ;PCT/ES2023/070358;817303;E;2024-12-17;
NZ;PCT/US2023/068821;817317;E;2024-12-17;
NZ;PCT/EP2023/065608;817349;E;2024-12-18;
NZ;PCT/US2023/026331;817375;E;2024-12-18;
NZ;PCT/US2023/070897;817330;E;2024-12-18;
NZ;PCT/US2023/067487;817357;E;2024-12-18;
NZ;PCT/CN2023/101761;817391;E;2024-12-18;
NZ;PCT/AU2023/050609;817342;E;2024-12-18;
NZ;PCT/US2023/069857;817366;E;2024-12-18;
NZ;PCT/AU2023/050473;817351;E;2024-12-18;
NZ;PCT/GB2023/051298;817205;E;2024-12-18;
NZ;PCT/US2023/069801;817388;E;2024-12-18;
NZ;PCT/CN2023/099158;817396;E;2024-12-18;
NZ;PCT/US2023/025780;817354;E;2024-12-18;
NZ;PCT/EP2023/067803;817403;E;2024-12-18;
NZ;PCT/US2023/026994;817359;E;2024-12-18;
NZ;PCT/US2023/027741;817376;E;2024-12-18;
NZ;PCT/US2023/074061;817387;E;2024-12-18;
NZ;PCT/CN2022/107593;817361;E;2024-12-18;
NZ;PCT/US2023/026140;817168;E;2024-12-18;
NZ;PCT/US2023/073033;817449;E;2024-12-19;
NZ;PCT/US2023/068832;817368;E;2024-12-19;
NZ;PCT/AU2023/050470;817417;E;2024-12-19;
NZ;PCT/US2023/025386;817385;E;2024-12-19;
NZ;PCT/GB2023/051494;817422;E;2024-12-19;
NZ;PCT/AU2023/050619;817429;E;2024-12-19;
NZ;PCT/US2023/076475;817433;E;2024-12-19;
NZ;PCT/US2023/069334;817458;E;2024-12-19;
NZ;PCT/US2023/069102;817412;E;2024-12-19;
NZ;PCT/GB2023/051489;817415;E;2024-12-19;
NZ;PCT/US2023/025384;817374;E;2024-12-19;
NZ;PCT/CN2023/101302;817409;E;2024-12-19;
NZ;PCT/EP2023/071118;817421;E;2024-12-19;
NZ;PCT/US2023/025385;817402;E;2024-12-19;
NZ;PCT/US2023/069704;817390;E;2024-12-19;
NZ;PCT/NO2023/060015;817441;E;2024-12-19;
NZ;PCT/EP2023/069513;817453;E;2024-12-19;
NZ;PCT/US2023/026769;817407;E;2024-12-19;
NZ;PCT/IB2023/056049;817420;E;2024-12-19;
NZ;PCT/US2023/025389;817399;E;2024-12-19;
NZ;PCT/US2023/068828;817362;E;2024-12-19;
NZ;PCT/EP2023/065558;817457;E;2024-12-19;
NZ;PCT/EP2023/067952;817329;P;2024-12-20;
NZ;PCT/CN2023/099267;816972;P;2024-12-20;
NZ;PCT/GB2023/051292;817094;P;2024-12-20;
NZ;PCT/NZ2023/050052;816044;P;2024-12-20;
NZ;PCT/CN2022/107593;817361;P;2024-12-20;
NZ;PCT/IB2023/056620;816861;P;2024-12-20;
NZ;PCT/NL2023/050273;817257;P;2024-12-20;
NZ;PCT/EP2023/069299;817147;P;2024-12-20;
NZ;PCT/EP2023/071064;816836;P;2024-12-20;
NZ;PCT/NZ2023/050082;817143;P;2024-12-20;
NZ;PCT/SE2023/050641;817189;P;2024-12-20;
NZ;PCT/EP2023/062582;816812;P;2024-12-20;
NZ;PCT/US2023/074061;817387;P;2024-12-20;
NZ;PCT/GB2023/052008;817536;E;2024-12-20;
NZ;PCT/CN2023/094714;816799;P;2024-12-20;
NZ;PCT/US2023/027013;817314;P;2024-12-20;
NZ;PCT/CA2023/050698;817119;P;2024-12-20;
NZ;PCT/GB2023/051492;816786;P;2024-12-20;
NZ;PCT/NO2023/060015;817441;P;2024-12-20;
NZ;PCT/US2023/070897;817330;P;2024-12-20;
NZ;PCT/US2023/068831;817186;P;2024-12-20;
NZ;PCT/US2023/025384;817374;P;2024-12-20;
NZ;PCT/JP2023/027829;817523;E;2024-12-20;
NZ;PCT/DK2023/050129;816716;P;2024-12-20;
NZ;PCT/IB2023/056622;816845;P;2024-12-20;
NZ;PCT/EP2023/072376;817148;P;2024-12-20;
NZ;PCT/US2023/069331;816858;P;2024-12-20;
NZ;PCT/US2023/023949;817322;P;2024-12-20;
NZ;PCT/US2023/068832;817368;P;2024-12-20;
NZ;PCT/US2023/070016;817284;P;2024-12-20;
NZ;PCT/AU2023/050583;816978;P;2024-12-20;
NZ;PCT/US2023/069837;817521;E;2024-12-20;
NZ;PCT/IB2023/054044;816797;P;2024-12-20;
NZ;PCT/US2023/024723;817252;P;2024-12-20;
NZ;PCT/CN2023/102500;816991;P;2024-12-20;
NZ;PCT/US2023/068665;817187;P;2024-12-20;
NZ;PCT/US2023/067013;817124;P;2024-12-20;
NZ;PCT/GB2023/051298;817205;P;2024-12-20;
NZ;PCT/US2023/023307;816877;P;2024-12-20;
NZ;PCT/US2023/024617;817037;P;2024-12-20;
NZ;PCT/US2023/067996;817013;P;2024-12-20;
NZ;PCT/CN2023/101233;817531;E;2024-12-20;
NZ;PCT/EP2023/067987;816816;P;2024-12-20;
NZ;PCT/EP2023/070918;816872;P;2024-12-20;
NZ;PCT/CN2023/091259;816564;P;2024-12-20;
NZ;PCT/US2023/024956;817120;P;2024-12-20;
NZ;PCT/AU2023/050562;817203;P;2024-12-20;
NZ;PCT/US2023/068298;817116;P;2024-12-20;
NZ;PCT/US2023/026331;817375;P;2024-12-20;
NZ;PCT/CN2023/096076;816516;P;2024-12-20;
NZ;PCT/EP2023/066817;817145;P;2024-12-20;
NZ;PCT/JP2023/021735;817058;P;2024-12-20;
NZ;PCT/US2023/021812;816841;P;2024-12-20;
NZ;PCT/US2023/069358;817271;P;2024-12-20;
NZ;PCT/US2023/024719;817079;P;2024-12-20;
NZ;PCT/CN2023/098246;817042;P;2024-12-20;
NZ;PCT/US2023/068828;817362;P;2024-12-20;
NZ;PCT/US2023/029714;817503;E;2024-12-20;
NZ;PCT/JP2023/025527;816798;P;2024-12-20;
NZ;PCT/JP2023/024180;816689;P;2024-12-20;
NZ;PCT/US2023/067919;817129;P;2024-12-20;
NZ;PCT/GB2023/051393;816828;P;2024-12-20;
NZ;PCT/NZ2023/050056;817276;P;2024-12-20;
NZ;PCT/US2023/073033;817449;P;2024-12-20;
NZ;PCT/US2023/024721;817080;P;2024-12-20;
NZ;PCT/EP2023/063424;816898;P;2024-12-20;
NZ;PCT/EP2023/064282;817470;E;2024-12-20;
NZ;PCT/US2023/023770;816712;P;2024-12-20;
NZ;PCT/IB2023/054501;816705;P;2024-12-20;
NZ;PCT/EP2023/064122;817052;P;2024-12-20;
NZ;PCT/US2023/021153;816936;P;2024-12-20;
NZ;PCT/US2023/069968;817323;P;2024-12-20;
NZ;PCT/US2023/025386;817385;P;2024-12-20;
NZ;PCT/US2023/024679;817041;P;2024-12-20;
NZ;PCT/US2023/068486;816989;P;2024-12-20;
NZ;PCT/JP2023/022797;817524;E;2024-12-20;
NZ;PCT/AU2023/050526;816833;P;2024-12-20;
NZ;PCT/EP2023/065588;816859;P;2024-12-20;
NZ;PCT/EP2023/063538;817157;P;2024-12-20;
NZ;PCT/US2023/068821;817317;P;2024-12-20;
NZ;PCT/ES2023/070416;816935;P;2024-12-20;
NZ;PCT/CN2023/100225;817165;P;2024-12-20;
NZ;PCT/JP2023/021761;816885;P;2024-12-20;
NZ;PCT/US2023/026994;817359;P;2024-12-20;
NZ;PCT/JP2023/020924;816884;P;2024-12-20;
NZ;PCT/CZ2023/050037;817050;P;2024-12-20;
NZ;PCT/EP2023/068080;817035;P;2024-12-20;
NZ;PCT/JP2023/023241;817534;E;2024-12-20;
NZ;PCT/IB2023/055901;816682;P;2024-12-20;
NZ;PCT/EP2023/064950;817162;P;2024-12-20;
NZ;PCT/EP2023/069505;817234;P;2024-12-20;
NZ;PCT/DK2023/050124;816698;P;2024-12-20;
NZ;PCT/US2022/033379;816843;P;2024-12-20;
NZ;PCT/CN2023/098030;816800;P;2024-12-20;
NZ;PCT/US2023/067432;817274;P;2024-12-20;
NZ;PCT/IB2023/000535;817115;P;2024-12-20;
NZ;PCT/IB2023/054969;816740;P;2024-12-20;
NZ;PCT/US2023/069334;817458;P;2024-12-20;
NZ;PCT/EP2023/072377;817277;P;2024-12-20;
NZ;PCT/AU2023/050473;817351;P;2024-12-20;
NZ;PCT/US2023/027654;817085;P;2024-12-20;
NZ;PCT/EP2023/069513;817453;P;2024-12-20;
NZ;PCT/CA2023/050562;817473;E;2024-12-20;
NZ;PCT/EP2023/063379;816811;P;2024-12-20;
NZ;PCT/CN2023/099146;816823;P;2024-12-20;
NZ;PCT/JP2022/022273;817146;P;2024-12-20;
NZ;PCT/US2023/068586;816855;P;2024-12-20;
NZ;PCT/US2023/022681;817291;P;2024-12-20;
NZ;PCT/US2023/069102;817412;P;2024-12-20;
NZ;PCT/US2023/068925;817239;P;2024-12-20;
NZ;PCT/AU2023/050488;816977;P;2024-12-20;
NZ;PCT/US2023/069031;817490;E;2024-12-20;
NZ;PCT/IB2023/054777;816769;P;2024-12-20;
NZ;PCT/EP2023/065236;817228;P;2024-12-20;
NZ;PCT/US2023/026527;817070;P;2024-12-20;
NZ;PCT/US2023/024711;817101;P;2024-12-20;
NZ;PCT/EP2023/062499;817028;P;2024-12-20;
NZ;PCT/US2023/025987;817318;P;2024-12-20;
NZ;PCT/GB2023/051229;816857;P;2024-12-20;
NZ;PCT/US2023/022390;817130;P;2024-12-20;
NZ;PCT/US2023/069448;817007;P;2024-12-20;
NZ;PCT/US2023/026640;817530;E;2024-12-20;
NZ;PCT/US2023/068310;816827;P;2024-12-20;
NZ;PCT/US2023/068329;816834;P;2024-12-20;
NZ;PCT/US2023/021180;816188;P;2024-12-20;
NZ;PCT/JP2023/022590;817069;P;2024-12-20;
NZ;PCT/EP2023/065235;817121;P;2024-12-20;
NZ;PCT/US2023/067915;817113;P;2024-12-20;
NZ;PCT/US2023/069857;817366;P;2024-12-20;
NZ;PCT/KR2023/009159;816324;P;2024-12-20;
NZ;PCT/CN2023/111270;816840;P;2024-12-20;
NZ;PCT/US2023/068408;817086;P;2024-12-20;
NZ;PCT/US2023/022104;816760;P;2024-12-20;
NZ;PCT/US2023/025457;817188;P;2024-12-20;
NZ;PCT/EP2023/063844;817243;P;2024-12-20;
NZ;PCT/EP2023/064873;817039;P;2024-12-20;
NZ;PCT/EP2023/067803;817403;P;2024-12-20;
NZ;PCT/EP2023/070010;817472;E;2024-12-20;
NZ;PCT/AU2023/050395;816757;P;2024-12-20;
NZ;PCT/US2023/065519;817336;P;2024-12-20;
NZ;PCT/NO2023/050089;817126;P;2024-12-20;
NZ;PCT/US2023/068956;816821;P;2024-12-20;
NZ;PCT/GB2023/051494;817422;P;2024-12-20;
NZ;PCT/US2023/076475;817433;P;2024-12-20;
NZ;PCT/SE2023/050644;817198;P;2024-12-20;
NZ;PCT/GB2023/051489;817415;P;2024-12-20;
NZ;PCT/EP2023/064283;817469;E;2024-12-20;
NZ;PCT/US2023/023057;816792;P;2024-12-20;
NZ;PCT/CN2023/103952;816873;P;2024-12-20;
NZ;PCT/EP2023/062453;817026;P;2024-12-20;
NZ;PCT/US2023/068806;816903;P;2024-12-20;
NZ;PCT/EP2023/066647;817324;P;2024-12-20;
NZ;PCT/AU2023/050470;817417;P;2024-12-20;
NZ;PCT/US2021/022322;817031;P;2024-12-20;
NZ;PCT/EP2023/068805;816985;P;2024-12-20;
NZ;PCT/US2023/068542;817519;E;2024-12-20;
NZ;PCT/EP2023/062589;816801;P;2024-12-20;
NZ;PCT/US2023/024152;816874;P;2024-12-20;
NZ;PCT/CN2023/098264;817040;P;2024-12-20;
NZ;PCT/NZ2023/050060;816866;P;2024-12-20;
NZ;PCT/IB2023/056513;817200;P;2024-12-20;
NZ;PCT/US2023/067250;816852;P;2024-12-20;
NZ;PCT/US2023/067487;817357;P;2024-12-20;
NZ;PCT/IB2023/056626;816862;P;2024-12-20;
NZ;PCT/US2022/033213;816842;P;2024-12-20;
NZ;PCT/US2023/067008;817034;P;2024-12-20;
NZ;PCT/US2023/069186;817533;E;2024-12-20;
NZ;PCT/CN2023/098076;816847;P;2024-12-20;
NZ;PCT/GB2023/051401;816752;P;2024-12-20;
NZ;PCT/JP2023/021978;817150;P;2024-12-20;
NZ;PCT/CN2024/095625;817227;P;2024-12-20;
NZ;PCT/CN2023/103576;817128;P;2024-12-20;
NZ;PCT/KR2023/006480;816893;P;2024-12-20;
NZ;PCT/CN2023/098011;816766;P;2024-12-20;
NZ;PCT/SE2023/050642;817195;P;2024-12-20;
NZ;PCT/EP2023/067403;817064;P;2024-12-20;
NZ;PCT/CA2023/050660;816715;P;2024-12-20;
NZ;PCT/IB2023/056049;817420;P;2024-12-20;
NZ;PCT/KR2023/000398;817270;P;2024-12-20;
NZ;PCT/US2023/069801;817388;P;2024-12-20;
NZ;PCT/US2023/023445;816971;P;2024-12-20;
NZ;PCT/AU2023/050619;817429;P;2024-12-20;
NZ;PCT/EP2023/068845;817471;E;2024-12-20;
NZ;PCT/GB2023/051260;816569;P;2024-12-20;
NZ;PCT/GB2023/051183;816814;P;2024-12-20;
NZ;PCT/US2023/067220;817114;P;2024-12-20;
NZ;PCT/EP2023/067939;816869;P;2024-12-20;
NZ;PCT/IB2023/000335;817315;P;2024-12-20;
NZ;PCT/US2023/026140;817168;P;2024-12-20;
NZ;PCT/EP2023/064065;817230;P;2024-12-20;
NZ;PCT/AU2023/050469;816941;P;2024-12-20;
NZ;PCT/IB2023/055818;817487;E;2024-12-20;
NZ;PCT/US2023/021150;816773;P;2024-12-20;
NZ;PCT/EP2023/067805;817273;P;2024-12-20;
NZ;PCT/US2023/066825;816945;P;2024-12-20;
NZ;PCT/EP2023/062404;816820;P;2024-12-20;
NZ;PCT/US2023/068555;817328;P;2024-12-20;
NZ;PCT/EP2023/068443;816876;P;2024-12-20;
NZ;PCT/IB2022/056438;817137;P;2024-12-20;
NZ;PCT/GB2023/051230;816934;P;2024-12-20;
NZ;PCT/US2023/023520;817410;E;2024-12-20;
NZ;PCT/EP2023/066436;816433;P;2024-12-20;
NZ;PCT/US2023/021060;816587;P;2024-12-20;
NZ;PCT/US2023/067918;817151;P;2024-12-20;
NZ;PCT/AU2023/050609;817342;P;2024-12-20;
NZ;PCT/EP2023/065438;817011;P;2024-12-20;
NZ;PCT/US2023/069124;817201;P;2024-12-20;
NZ;PCT/AU2023/050384;817008;P;2024-12-20;
NZ;PCT/US2023/025780;817354;P;2024-12-20;
NZ;PCT/IB2023/056611;816867;P;2024-12-20;
NZ;PCT/US2023/027420;816815;P;2024-12-20;
NZ;PCT/US2023/068426;817078;P;2024-12-20;
NZ;PCT/US2023/069410;816832;P;2024-12-20;
NZ;PCT/US2023/027438;817176;P;2024-12-20;
NZ;PCT/SE2023/050643;817197;P;2024-12-20;
NZ;PCT/EP2023/069447;816835;P;2024-12-20;
NZ;PCT/CN2023/101761;817391;P;2024-12-20;
NZ;PCT/IB2023/055309;817468;E;2024-12-20;
NZ;PCT/AU2023/050482;816717;P;2024-12-20;
NZ;PCT/AU2023/050641;817275;P;2024-12-20;
NZ;PCT/AU2023/050454;817122;P;2024-12-20;
NZ;PCT/AU2023/050490;816793;P;2024-12-20;
NZ;PCT/US2023/025385;817402;P;2024-12-20;
NZ;PCT/CN2023/099158;817396;P;2024-12-20;
NZ;PCT/EP2023/069483;817193;P;2024-12-20;
NZ;PCT/EP2023/065558;817457;P;2024-12-20;
NZ;PCT/EP2023/068102;817535;E;2024-12-20;
NZ;PCT/US2023/022990;816680;P;2024-12-20;
NZ;PCT/EP2023/062066;816853;P;2024-12-20;
NZ;PCT/AU2023/050582;817038;P;2024-12-20;
NZ;PCT/US2023/067927;816899;P;2024-12-20;
NZ;PCT/ES2023/070358;817303;P;2024-12-20;
NZ;PCT/US2023/026769;817407;P;2024-12-20;
NZ;PCT/NO2023/060008;817254;P;2024-12-20;
NZ;PCT/EP2023/068358;816983;P;2024-12-20;
NZ;PCT/CN2023/087998;817522;E;2024-12-20;
NZ;PCT/EP2023/055328;816806;P;2024-12-20;
NZ;PCT/GB2023/051668;817338;P;2024-12-20;
NZ;PCT/CN2023/098241;816992;P;2024-12-20;
NZ;PCT/US2023/070306;816882;P;2024-12-20;
NZ;PCT/US2023/067064;817192;P;2024-12-20;
NZ;PCT/EP2023/070938;816871;P;2024-12-20;
NZ;PCT/EP2023/065608;817349;P;2024-12-20;
NZ;PCT/EP2023/063472;816883;P;2024-12-20;
NZ;PCT/AU2022/050817;816901;P;2024-12-20;
NZ;PCT/US2023/024944;817032;P;2024-12-20;
NZ;PCT/CN2023/106535;817532;E;2024-12-20;
NZ;PCT/US2023/023586;816849;P;2024-12-20;
NZ;PCT/FI2023/050413;816738;P;2024-12-20;
NZ;PCT/US2023/024898;817123;P;2024-12-20;
NZ;PCT/US2023/022733;817206;P;2024-12-20;
NZ;PCT/CN2023/098081;816973;P;2024-12-20;
NZ;PCT/US2023/027741;817376;P;2024-12-20;
NZ;PCT/IL2023/050449;816739;P;2024-12-20;
NZ;PCT/EP2023/072293;817202;P;2024-12-20;
NZ;PCT/KR2023/008062;817111;P;2024-12-20;
NZ;PCT/US2023/066349;816713;P;2024-12-20;
NZ;PCT/US2023/069704;817390;P;2024-12-20;
NZ;PCT/US2023/027456;817248;P;2024-12-20;
NZ;PCT/CN2023/101302;817409;P;2024-12-20;
NZ;PCT/US2023/026528;817068;P;2024-12-20;
NZ;PCT/EP2023/071118;817421;P;2024-12-20;
NZ;PCT/US2023/069652;817501;E;2024-12-20;
NZ;PCT/US2023/027009;816802;P;2024-12-20;
NZ;PCT/US2023/024073;816719;P;2024-12-20;
NZ;PCT/IB2023/057033;817110;P;2024-12-20;
NZ;PCT/IB2023/056152;816818;P;2024-12-20;
NZ;PCT/IB2023/000312;817229;P;2024-12-20;
NZ;PCT/US2023/025389;817399;P;2024-12-20;
NZ;PCT/EP2023/065991;817236;P;2024-12-20;
NZ;PCT/EP2023/064749;816886;P;2024-12-20;
NZ;PCT/JP2023/022253;817456;E;2024-12-20;
NZ;PCT/EP2023/069087;816725;P;2024-12-20;
NZ;PCT/US2022/035254;817075;P;2024-12-20;
NZ;PCT/JP2023/018892;817055;P;2024-12-20;
NZ;PCT/US2023/022098;816771;P;2024-12-20;
NZ;PCT/IB2023/056283;817296;P;2024-12-20;
NZ;PCT/US2023/026081;816848;P;2024-12-20;
NZ;PCT/US2023/068006;817074;P;2024-12-20;
NZ;PCT/GB2023/051612;816896;P;2024-12-20;
NZ;PCT/US2023/068717;817393;E;2024-12-20;
NZ;PCT/US2023/069132;816817;P;2024-12-20;
NZ;PCT/US2023/066436;816714;P;2024-12-20;
NZ;PCT/US2023/028124;817231;P;2024-12-20;
NZ;PCT/US2023/027579;817541;E;2024-12-21;
NZ;PCT/US2023/024595;817559;E;2024-12-23;
NZ;PCT/NO2023/050121;817569;E;2024-12-23;
NZ;PCT/EP2023/063922;817571;E;2024-12-23;
NZ;PCT/US2023/067692;817550;E;2024-12-23;
NZ;PCT/US2023/026712;817567;E;2024-12-23;
NZ;PCT/EP2023/064258;817558;E;2024-12-23;
NZ;PCT/EP2023/072960;817556;E;2024-12-23;
NZ;PCT/US2023/026554;817554;E;2024-12-23;
NZ;PCT/US2023/072860;817574;E;2024-12-23;
NZ;PCT/CN2023/075566;817548;E;2024-12-23;
NZ;PCT/EP2023/068912;817566;E;2024-12-23;
NZ;PCT/EP2023/067115;817563;E;2024-12-23;
NZ;PCT/IL2023/050657;817579;E;2024-12-23;
NZ;PCT/EP2023/069298;817557;E;2024-12-23;
NZ;PCT/JP2023/024105;817553;E;2024-12-23;
NZ;PCT/JP2023/040655;817573;E;2024-12-23;
NZ;PCT/EP2023/060846;817549;E;2024-12-23;
NZ;PCT/US2023/068570;817560;E;2024-12-23;
NZ;PCT/EP2023/065046;817570;E;2024-12-23;
NZ;PCT/US2023/026012;817578;E;2024-12-23;
NZ;PCT/GB2023/051843;817551;E;2024-12-23;
NZ;PCT/JP2023/022632;817552;E;2024-12-23;
NZ;PCT/JP2023/040656;817572;E;2024-12-23;
NZ;PCT/US2023/026932;817593;E;2024-12-24;
NZ;PCT/CN2023/113812;817609;E;2024-12-24;
NZ;PCT/US2023/069840;817587;E;2024-12-24;
NZ;PCT/US2023/028329;817601;E;2024-12-24;
NZ;PCT/AU2022/050685;817537;E;2024-12-24;
NZ;PCT/EP2023/067681;816706;E;2024-12-24;
NZ;PCT/US2023/026775;817605;E;2024-12-24;
NZ;PCT/IN2023/051041;817614;E;2024-12-24;
NZ;PCT/US2023/021099;817581;E;2024-12-24;
NZ;PCT/US2023/070084;817590;E;2024-12-24;
NZ;PCT/AU2023/050651;817603;E;2024-12-24;
NZ;PCT/IN2023/050639;817613;E;2024-12-24;
NZ;PCT/US2023/069153;817596;E;2024-12-24;
NZ;PCT/CN2023/096272;817582;E;2024-12-24;
NZ;PCT/US2023/025895;817589;E;2024-12-24;
NZ;PCT/US2023/069762;817602;E;2024-12-24;
NZ;PCT/GB2023/052319;817608;E;2024-12-24;
NZ;PCT/CN2023/092197;817619;E;2024-12-26;
NZ;PCT/JP2023/019455;817618;E;2024-12-26;
